0	a7ffc6f8bf1ed76651c14756a061d662f580ff4de43b49fa82d80a4b80f8434a	46b9dd2b0ba88d13233b3feb743eeb243fcd52ea62b81b82b50c27646ed5762fd75dc4ddd8c0f200cb05019d67b592f6fc821c49479ab48640292eacb3b7c4be141e96616fb13957692cc7edd0b45ae3dc07223c8e92937bef84bc0eab862853349ec75546f58fb7c2775c38462c5010d846c185c15111e595522a6bcd16cf86f3d122109e3b1fdd943b6aec468a2d621a7c06c6a957c62b54dafc3be87567d677231395f6147293b68ceab7a9e0c58d864e8efde4e1b9a46cbe854713672f5caaae314ed9083dab4b099f8e300f01b8650f1f4b1d8fcf3f3cb53fb8e9eb2ea203bdc970f50ae55428a91f7f53ac266b28419c3778a15fd248d339ede785fb7f5a1aaa96d313eacc890936c173cdcd0fab882c45755feb3aed96d477ff96390b
1	962f8420917d7fa5479f4a767bf9b9a30a4ab377af26d72dbcff167d6ce3f6f5	eff575e75502a07a1dcf57937dfd53a90073659eededed0b7e6f6ebb886d39ad540a88447c5fe6f5d49af9bdfe7039a62231d169e7483bda475d526b76bd18e91c7ffe5e4536e630d8572ebdebc8146ad3d455495cb4d6ca228caa3e0cd56e645d49cf7692665e86a5aaeaacfe86165b47a4872704e5b4d4525df9f1e493898fd9f919f948689a7716f841e4fc2ffd9184432809b26257006dd4649c42be4af59ddd5c7b338dd2161ea3a76479c242fa7553f82c8f39cfe7de282aaf07dec1d6a9e29c7726be83862e0d154c0e28b3a6b074e0bb0ad622259c2adad493bd3e1f856f36e666a19a174885025f3ee535354293b61c3ac1fd5b72c9a042c02cb7ca3d37060117866ab3570b5e967741f5640a27655a7a8615a034d8fbf6c435ff43
7	2543e489a05ab0fc44a5733a5b5828cbf95a9f03f3a0430cab3d68891c846c78	34098a60d19bcad7c292eca6e6523363f9c944c58018fd4059c49977d1c18fe14047958c8637b3cc47056e54877b3550c5d222c33a91e7e59b8c38ff64e2ea4d251a084be9afab9d228455b3fb83eb442b2f8c2870d199678baa62f35ee0010d1ff9148edbe8c8d0f890d59e768bd180d56a28be277d4fafd8fd172e047239739922e1be21f1ed4b030fe04ae42260b2aca98b4e094d2dbcedbe85e5e28826b235961b4ba02346fb324a5ab1be120df935ac45279edf360bcd50bca59df783f7ff818b1e0ff033e67985be0a5a7c0087b8f80902c39ef19fee9d8734088ad8e83da1437a246dfada76f7fbcc5c7956807f7a88e12cb8c383f7cd4b65baaf90b3d3c63f5e6d97d2cb060e05944c7897b1580c03cfe8e09cd38512686489592a86
8	fbd8182efbfdda25ccd2e91ee28e5883c493a6e0f33b9881978290a3e99b7b94	bd74c1df42f2bb96c960bb2fd6251423baf4e6eaf5420bf4d54380aca38ee067265807034df362e38194dab3c3c6898114f2f94b27b8a0cb1f773a7059a63dba9fa78b285e68682a71d3cedbb6fc21128ba133187ebb6fcaf1bc27308fe68395a45e2e6bd84c6f539d5562ee5352c540f2001052d4fa3c344c78a033ca42aadcad6deced668ef15ea8ffec55d09b81c0a543c6c6c945e8f3711ce8d41d838554b18eee082998f1b178e21ad0268835ba70b50b53a903ef60470a056a6ec8890303d724fa9125cb56eb4b3f57f811167fc4006bbec7e0b6ca1188ba3049e80ddc67091ff8bee8ae26baca8383180af556b6b37c3046d8be01860bfed6f1274aa716dda9202c622c62adfc63ba16273bd4019a5b1d7616eb185b2af81340dd4c1c
135	3aa81a5b233ce753b2ab56b3c922338134eb11b8dc3d877d0bc8d19751684b76	8718c5da8c17af4eddafe058d4d6cdb76d17fed735aea8367049bd5cf34fc69c4c858bfaea7db94370390ea21fa709a1ac133a47901ee708190342d659b1d6a51716d6896abac85e4da6283d308d42e25c843a11c4426982389a193b38e764ad26c7925bfda504066b04296ca5c226f40c2c4700fc11f6603a44c1ecde748592e4331bbea9ed639b9e0f395c3f902c4aa8f6282ed23fe0e0cff5bd2839d4fc0360a0bf10bf5e2ad6300bbc5964003ec46542763e87e6990fb2fcd55d448641ccd1c88e44521569015faae3ffcdc9eb6610ae24c9d1ddb75244ded9c366d9b4645a6707dd31e61d50a15025cf90d3518389ddb79543b8bf9d50160f2dd3c7f1d8527574728101550e461a791d94a1188270722ea1a2f353f293a0454bc9735bbf
136	9f065722983c1b643b3fabbed6e791f6d74f77e6cf5a2d38c07c124465ed5d9f	579616897b9db8dc567cd07f9b81d4e4a2d823203b5ae45e9d285fd909705860130d55b7d9525249700802ece60854a318b30b90950a615f4cb015a3eb334401dd8baec3b832d034691a6292a295724e640bd1456c75b5aa1735add4977c7949b57290c0237894c7a11b20c75e39bd1e7a31e25fd4d2d674e5050aea03e5a7ace88c129d528c5ac02f22f5c3ec133f95f5aef5c71cb95f4a3078d0450b0ce9b73a5e075c924c1551752d25b4f06e8af8d5fe4152123e6b2b2883dac49765684d668379cf7ec4ec0d79ec60cc69802733c6201ae72d4e1ce7d55ae19c670f8ee854e112a81efa310b82b5438fc2586eaecf1ae21d8514287581a0ef3bb297a1d8aff5a78ff2679271958c276404906ea8009f851c88f0b8c6d6caa335a15ed35a
137	30efe517346c818828634cb8a3eb3538c14bc2f280132cf0261ed18a7dd85a8b	59df4c6a3829eaceca408cdbab359adc237e09090b085c98709ba7424cfe72a50ea77c38803a5355c00123bf4db292d2377675a18fe7694dc20e076697944295a90f2315086ce6f82e5bf8be8bf1adaa0a48abdf4ca86bbdd1b3e09acc955c624d139ffb80d1aa7d548feeebaa3fe5141744444642b2daa9916545cac7659c0c072688e3a87edcbed4fb32eeb58a2d48496a8e2e2363c7319a6e785a81e3596e3253ab26add5d6c055860ab6e561802c23bb822ac67656e553c8a6396e69a2ab1bcc98a4c2877ccb0d0a7b31f133831d87e0f7400782ba086ef02ddb48f276f77ecaf44898da755e1589a1c6b44aebcb5be26d482d7a8ef6d7396fa33985464224b525484dfc74db5a6199863e77ad78dce8d865a3868ab7be2884c6dcda1659
271	5a7767ca7008df01b1c78e3a8253f409cf6d25ad5db6425309a6ce29ed7bc01b	7f28cd284adf124b8fd7c0ff572aa5b1ce2c98b748df1e9e898f2773398bba9deebdffdcbafb250fafa4ebb771759cfe49dd384efb0722c247b278a5e5b366640033d78f6ecd078709842c5334ac8dcdec49884fc4dab3f1825b8dd1578c7ab1d6071952d2bc54176dbbc69be24dd305a23034b23a662ac5711d604a89d03aa6650ee49c52b453cea3096443fff5b9cb17efc69ea97c84d905ba52b1b1c6f2fd903bbd6cdc89a18f49444bc455bbfac965539aa5440911eaaeee2bce6f977803b3583545357c1e807b4874ef8c646fbe4b957d05da0a430e1c464bf61d25f083d410b8062e1e2ee4d700c8346f2093145384bbc85e9c366286d6f1760ccf3e544eb5c8db9d6d1bba7f2d3dc3208dd54924ebed0d605a14119e97d56a0983ad32
272	860dffd36d6a668d3cac04f1e8b99eaa980fe26172f8d34da87fc963b086e665	c68aea1d0cb8c6a6d3cc6c37cb5c5ecc00a2706df5913e94ee308700eab564dfe4b167e40854407d21f281547ff8a0804588805f83c6e2b9c410ebe01e8573204c36f6d1c013e3ad1e4b2c3ee250d3c76f999e0a3698dc966d31e1b486fc8984ff140c7076fec82a927c04699184046ab5f979e245091894f2ce3777486db755f4f1749776eaf0bbf068d7b322ec41dbd48573d192ccf4c4487a16341da51c7f3c65d7656a01324e160f6c3ff5c85ee26944751b74e87eaf9699ecd1eddcf60e1b84f149310045954517afe4a2618f02d3672db9f87e31e95a7234855bbd838e40848a9963d2c5e47f7c8adc863ce6cef8c0c46f21bd91d9f110136fe2f84e26b5d31d5a4ec61ccdb31cf58e457caf155809ee7a16cb2d4225997c4b89fc7412
273	5e0efcddf8e134669d518911b0fc762d8498516bff137166c2be548904847dda	e9b8c643c386a71e652c1a0a4eb1041a6bf5350df83fe2c9171e955fe50c7f4cf4ca7fce8316cc726e4cfb9824494a021d5b683e3113466a3d188a65ba2626214485c5f3a7b1c70528f9ae2b0e0a744a92c7be98298c31d56d8cd337297def76ecf29c78f8753f88f1ea9f0dfdc9995472962136f99c02df4e949f104d78b67f75ed21b90a8854a820a815fd6c574805fc6de3d2a2395725c759f4634c783b44c1364a391e71bb3fb8d77ffa0b66bfcfb80a1d0da7de517feec33282a5fc99dbbe1ab11f554676578fb2a565a9588a59136dad45c3b2b3282abb466a1ee91cfcbc2479ee866cec8a99c52cd95a2e7d52be179fd147b5338f30b6f490d501d76b9df780cd8953ffea3ce368b8e7085f820dbcfacd43a34c04f28f0d694e8cf83d
4096	88ef3c7cef0993b05b1bb1426a51be7f4df99ce00cefd3f81ce76a8b158f9505	84dac590263eb186f894a83c11776e1113baa193e984f902d9d1e2eb9a728a8e74f9bdbe76db33eba3665443415683b4344186e223bccc84a9de843f0544daa010093e3635081cc8ee6309c463fdb26982a367163200df092471ceba28fee5570054e958e6ea0cebe3833df2075ea0c6eeeb1ffc53d8de4057e4addf826750cd8754189020d715662719b10988a3bf66cf5ae084ef6367379f4256a115dfb92a8af9e83958ff965899da99ec160f75f67d0236a03a6f2dc6402cbe7ca3dec548274c7939dd6d66353bde26ce709bf79bb78ede7545b48dc99e50898327443986c77e1cfbccd2bbd420b03b337b2337c03a64ef5dd43f7d4922d77baf85eb8219d0d0b8461f632d3ffffcdb77fd318e43c7861ee4890ce97b684ed47db4e8207e
245760	1b9faa2abb0918a4cfa97bde4b393bf5aee5a0fc950c4ea7e2b92ffd592d9878	0a9a6502720de5103b0a91771c3d19804cfd4af9a438e3beab49e4c108fd93316745fb933b670a597d90688ad4f48357950e2d102aa3166fadb39cd061f6f15c1cc4210e885195bf558887e7bbaf62249e1e665d364080b5ff9d49d6310ff49cd25d6a7c7c91eb6bd8f679a4020a0ccf1ea133d1a818f4ce77c96fbc7ee72d8b05c4175bbdd57ee8e98d4626fd24929b75ebdd2ea6f19f06e10493970ca51774f1f09d08e658d0607ff3931c76ac4eee1f72be43ddc80eae7bf3eec8e4484dead6d21b0a8caf92da4f8050314a1e5679016e44864cb95fef0041b22e311f58cb79a078e964f53ab319a2a09d921d31a6f95cf80535f18e4d29be69535f6d76c1c2332da11e3ca8ea5c14b7e75f1ac298e419f962762600831c8b16526ce9e503
