kotodama-i18n-v1	76	15
language	no_functions	unsupported_binary_op	unknown_param	read_file	parser_error	semantic_error	lint_unused_state	lint_state_shadowed_param	lint_state_shadowed_binding	lint_state_shadowed_map_binding	lint_unused_parameter	lint_unreachable_after_return	lint_ok	lint_usage	lint_usage_help
English	no functions to compile	Kotodama compiler hint: {op}	unknown param {name}	failed to read {path}: {error}	parser error: {error}	semantic error: {error}	state `{name}` is declared but never used	parameter `{name}` in function `{func}` shadows state `{name}`; rename the parameter to access the state	binding `{name}` in function `{func}` shadows state `{name}`; rename the binding to keep the state accessible	binding `{name}` in function `{func}` shadows state `{name}` while iterating a map	parameter `{name}` in function `{func}` is never used	unreachable statement detected in {context}: code after a return never executes	ok	Usage: koto check <file.ko> [<file2.ko> ...]	Run Kotodama lints against the provided sources.
Japanese	コンパイルする関数がありません	Kotodama compiler hint: {op}	不明な引数 {name}	ファイル {path} の読み取りに失敗しました: {error}	構文解析エラー: {error}	意味解析エラー: {error}	state `{name}` は宣言されていますが使用されていません	関数`{func}`の引数`{name}`が state `{name}` を隠しています。state にアクセスするには引数名を変更してください	関数`{func}`の束縛`{name}`が state `{name}` を隠しています。state を利用できるように束縛名を変更してください	関数`{func}`のループ内束縛`{name}`が state `{name}` を隠しています (map の反復中)	関数`{func}`の引数`{name}`は使用されていません	{context} で到達不能な文を検出しました: return の後のコードは実行されません	正常	使用方法: koto check <file.ko> [<file2.ko> ...]	指定したソースに Kotodama の lint を実行します。
SimplifiedChinese	没有可编译的函数	Kotodama compiler hint: {op}	未知参数 {name}	无法读取 {path}: {error}	解析错误：{error}	语义错误：{error}	状态`{name}`已声明但从未使用	函数`{func}`中的参数`{name}`遮蔽了状态`{name}`；请重命名该参数以访问该状态	函数`{func}`中的绑定`{name}`遮蔽了状态`{name}`；请重命名该绑定以保持对状态的访问	函数`{func}`在遍历映射时的绑定`{name}`遮蔽了状态`{name}`	函数`{func}`中的参数`{name}`从未使用	在{context}中检测到不可达语句：return 之后的代码永远不会执行	正常	用法：koto check <file.ko> [<file2.ko> ...]	对提供的源文件运行 Kotodama 的 lint。
TraditionalChinese	沒有可編譯的函數	Kotodama compiler hint: {op}	未知參數 {name}	無法讀取 {path}: {error}	解析錯誤：{error}	語義錯誤：{error}	狀態`{name}`已宣告但從未使用	函式`{func}`中的參數`{name}`遮蔽了狀態`{name}`；請重新命名該參數以存取該狀態	函式`{func}`中的綁定`{name}`遮蔽了狀態`{name}`；請重新命名該綁定以維持對狀態的存取	函式`{func}`在巡訪映射時的綁定`{name}`遮蔽了狀態`{name}`	函式`{func}`中的參數`{name}`從未使用	在 {context} 偵測到無法到達的敘述：return 之後的程式碼不會執行	正常	使用方式：koto check <file.ko> [<file2.ko> ...]	對提供的原始碼執行 Kotodama 的 lint。
Thai	ไม่มีฟังก์ชันให้คอมไพล์	Kotodama compiler hint: {op}	ไม่รู้จักพารามิเตอร์ {name}	ไม่สามารถอ่านไฟล์ {path}: {error}	เกิดข้อผิดพลาดจากตัวแยกโค้ด: {error}	เกิดข้อผิดพลาดด้านความหมาย: {error}	state `{name}` ถูกประกาศแต่ไม่เคยถูกใช้งาน	พารามิเตอร์ `{name}` ในฟังก์ชัน `{func}` บดบัง state `{name}`; เปลี่ยนชื่อพารามิเตอร์เพื่อเข้าถึง state	ตัวผูก `{name}` ในฟังก์ชัน `{func}` บดบัง state `{name}`; เปลี่ยนชื่อตัวผูกเพื่อรักษาการเข้าถึง state	ตัวผูก `{name}` ในฟังก์ชัน `{func}` บดบัง state `{name}` ระหว่างการวนซ้ำ map	พารามิเตอร์ `{name}` ในฟังก์ชัน `{func}` ไม่เคยถูกใช้งาน	ตรวจพบคำสั่งที่เข้าถึงไม่ได้ใน {context}: โค้ดหลัง return จะไม่ถูกรัน	สำเร็จ	วิธีใช้: koto check <file.ko> [<file2.ko> ...]	รันการตรวจ lint ของ Kotodama กับซอร์สที่ระบุ.
Khmer	មិនមានមុខងារឱ្យចងក្រងទេ	Kotodama compiler hint: {op}	ប៉ារ៉ាម៉ែត្រដែលមិនស្គាល់ {name}	មិនអាចអានឯកសារ {path}: {error}	កំហុសក្នុងការបំបែកកូដ: {error}	កំហុសអត្ថន័យ: {error}	ស្ថានភាព `{name}` ត្រូវបានប្រកាសប៉ុន្តែមិនដែលត្រូវបានប្រើឡើយ	ប៉ារ៉ាម៉ែត្រ `{name}` ក្នុងអនុគមន៍ `{func}` បាំងស្ថានភាព `{name}`; សូមប្តូរឈ្មោះប៉ារ៉ាម៉ែត្រដើម្បីចូលដំណើរការ	ការចង `{name}` ក្នុងអនុគមន៍ `{func}` បាំងស្ថានភាព `{name}`; សូមប្តូរឈ្មោះការចងដើម្បីរក្សាការចូលដំណើរការ	ការចង `{name}` ក្នុងអនុគមន៍ `{func}` បាំងស្ថានភាព `{name}` អំឡុងពេលវង្វេងតាមផែនទី	ប៉ារ៉ាម៉ែត្រ `{name}` ក្នុងអនុគមន៍ `{func}` មិនដែលត្រូវបានប្រើ	រកឃើញសេចក្តីថ្លែងការណ៍ដែលមិនអាចទៅដល់នៅក្នុង {context}: កូដបន្ទាប់ពី return មិនត្រូវបានដំណើរការឡើយ	រួចរាល់	របៀបប្រើ: koto check <file.ko> [<file2.ko> ...]	ដំណើរការការត្រួតពិនិត្យ lint របស់ Kotodama លើប្រភពដែលបានផ្តល់ជូន។
Vietnamese	Không có hàm nào để biên dịch	Kotodama compiler hint: {op}	Tham số không xác định {name}	Không thể đọc tệp {path}: {error}	Lỗi bộ phân tích cú pháp: {error}	Lỗi ngữ nghĩa: {error}	trạng thái `{name}` đã được khai báo nhưng không bao giờ được sử dụng	tham số `{name}` trong hàm `{func}` che khuất trạng thái `{name}`; hãy đổi tên tham số để truy cập trạng thái	ràng buộc `{name}` trong hàm `{func}` che khuất trạng thái `{name}`; hãy đổi tên ràng buộc để giữ quyền truy cập	ràng buộc `{name}` trong hàm `{func}` che khuất trạng thái `{name}` khi lặp qua map	tham số `{name}` trong hàm `{func}` không bao giờ được sử dụng	phát hiện câu lệnh không thể tới trong {context}: mã sau return sẽ không bao giờ chạy	ok	Cách dùng: koto check <file.ko> [<file2.ko> ...]	Chạy các kiểm tra lint Kotodama trên mã nguồn đã cung cấp.
Korean	컴파일할 함수가 없습니다	Kotodama compiler hint: {op}	알 수 없는 매개변수 {name}	파일 {path}을(를) 읽을 수 없습니다: {error}	파서 오류: {error}	시맨틱 오류: {error}	state `{name}`이 선언되었지만 사용되지 않습니다	함수 `{func}`의 매개변수 `{name}`이 상태 `{name}`을 가립니다. 상태에 접근하려면 매개변수 이름을 변경하세요	함수 `{func}`의 바인딩 `{name}`이 상태 `{name}`을 가립니다. 상태 접근을 유지하려면 바인딩 이름을 변경하세요	함수 `{func}`에서 맵을 순회할 때 바인딩 `{name}`이 상태 `{name}`을 가립니다	함수 `{func}`의 매개변수 `{name}`은 사용되지 않습니다	{context}에서 도달할 수 없는 문장을 발견했습니다: return 이후의 코드는 실행되지 않습니다	정상	사용법: koto check <file.ko> [<file2.ko> ...]	제공된 소스에 Kotodama lint를 실행합니다.
Arabic	لا توجد وظائف لتجميعها	Kotodama compiler hint: {op}	معلمة غير معروفة {name}	فشل في القراءة {path}: {error}	خطأ في المحلل: {error}	خطأ دلالي: {error}	الحالة `{name}` مُعلنة ولكن لم يتم استخدامها	المعامل `{name}` في الدالة `{func}` يحجب الحالة `{name}`؛ أعد تسمية المعامل للوصول إلى الحالة	الربط `{name}` في الدالة `{func}` يحجب الحالة `{name}`؛ أعد تسمية الربط للحفاظ على الوصول إلى الحالة	الربط `{name}` في الدالة `{func}` يحجب الحالة `{name}` أثناء اجتياز الخريطة	المعامل `{name}` في الدالة `{func}` غير مستخدم إطلاقًا	تم اكتشاف تعليمة غير قابلة للوصول في {context}: الشفرة بعد return لا تُنفَّذ أبدًا	تم	كيفية الاستخدام: koto check <file.ko> [<file2.ko> ...]	يشغّل فحوصات Kotodama على المصادر المقدَّمة.
Hebrew	אין פונקציות לקומפילציה	רמז מהמהדר של Kotodama: {op}	פרמטר לא מוכר `{name}`	קריאת הקובץ {path} נכשלה: {error}	שגיאת מנתח: {error}	שגיאה סמנטית: {error}	המצב `{name}` הוגדר אך אינו בשימוש	הפרמטר `{name}` בפונקציה `{func}` מסתיר את המצב `{name}`; יש לשנות את שם הפרמטר כדי לגשת למצב	הקישור `{name}` בפונקציה `{func}` מסתיר את המצב `{name}`; יש לשנות את שם הקישור כדי לשמור על הגישה	הקישור `{name}` בפונקציה `{func}` מסתיר את המצב `{name}` בזמן איטרציה על המפה	הפרמטר `{name}` בפונקציה `{func}` אינו בשימוש	נמצאה פקודה שאינה נגישה ב-{context}: קוד אחרי return לעולם לא יורץ	תקין	שימוש: koto check <file.ko> [<file2.ko> ...]	הפעילו את בדיקות ה-lint של Kotodama על המקורות שסופקו.
Russian	Нет функций для компиляции	Kotodama compiler hint: {op}	Неизвестный параметр {name}	Не удалось прочитать файл {path}: {error}	Ошибка парсера: {error}	Семантическая ошибка: {error}	Состояние `{name}` объявлено, но никогда не используется	Параметр `{name}` в функции `{func}` скрывает состояние `{name}`; переименуйте параметр, чтобы получить доступ к состоянию	Связывание `{name}` в функции `{func}` скрывает состояние `{name}`; переименуйте связывание, чтобы сохранить доступ к состоянию	Связывание `{name}` в функции `{func}` скрывает состояние `{name}` при переборе карты	Параметр `{name}` в функции `{func}` нигде не используется	Обнаружено недостижимое выражение в {context}: код после return никогда не выполняется	ок	Использование: koto check <file.ko> [<file2.ko> ...]	Запускает проверки Kotodama для указанных исходников.
Burmese	ကွန်ပိုင်လုပ်ရန် ဖန်ရှင် မရှိပါ။	Kotodama compiler hint: {op}	မသိသော ပါရာမီတာ {name}	ဖိုင် {path} ကို ဖတ်ရန် မအောင်မြင်ပါ: {error}	Parser အမှား: {error}	အဓိပ္ပါယ်ဆိုင်ရာ အမှား: {error}	state `{name}` ကို ကြေညာခဲ့သော်လည်း အသုံးမပြုပါ	ဖန်ရှင် `{func}` တွင် ပါရာမီတာ `{name}` သည် state `{name}` ကို ဝှက်ထားသည်။ state ကို အသုံးပြုနိုင်ရန် ပါရာမီတာအမည်ကို ပြင်ပါ	ဖန်ရှင် `{func}` တွင် binding `{name}` သည် state `{name}` ကို ဝှက်ထားသည်။ state ကို ဆက်လက်အသုံးပြုနိုင်ရန် binding အမည်ကို ပြင်ပါ	ဖန်ရှင် `{func}` တွင် map ကို လှည့်ကွက်ရာတွင် binding `{name}` သည် state `{name}` ကို ဝှက်ထားသည်	ဖန်ရှင် `{func}` တွင် ပါရာမီတာ `{name}` ကို အသုံးမပြုပါ	{context} တွင် မရောက်နိုင်သော ကြေညာချက် ရှိသည်ဟုတွေ့တယ်៖ return ပို့ပြီးနောက်ရှိ ကုဒ်ကို မစမ်းကြည့်ပါ	အောင်မြင်	အသုံးပြုပုံ: koto check <file.ko> [<file2.ko> ...]	ပေးထားသော ရင်းမြစ်များအပေါ် Kotodama lint စစ်ဆေးမှုများကို ပြေးဆင်ပါ။
Hindi	संकलित करने के लिए कोई कार्य नहीं	Kotodama compiler hint: {op}	अज्ञात पैराम {name}	पढ़ने में विफल {path}: {error}	पार्सर त्रुटि: {error}	सैमांटिक त्रुटि: {error}	स्टेट `{name}` की घोषणा की गई है लेकिन कभी उपयोग नहीं हुआ	फ़ंक्शन `{func}` का पैरामीटर `{name}` स्टेट `{name}` को छिपा देता है; स्टेट तक पहुँचने के लिए पैरामीटर का नाम बदलें	फ़ंक्शन `{func}` में बाइंडिंग `{name}` स्टेट `{name}` को छिपा देती है; स्टेट तक पहुँच बनाए रखने के लिए बाइंडिंग का नाम बदलें	मैप को दोहराते समय फ़ंक्शन `{func}` में बाइंडिंग `{name}` स्टेट `{name}` को छिपा देती है	फ़ंक्शन `{func}` का पैरामीटर `{name}` कभी उपयोग नहीं होता	{context} में अप्राप्य कथन मिला: return के बाद का कोड कभी निष्पादित नहीं होता	ठीक	उपयोग: koto check <file.ko> [<file2.ko> ...]	दिए गए स्रोतों पर Kotodama लिंट चलाता है।
Urdu	ترتیب کے لیے کوئی فنکشن موجود نہیں	Kotodama compiler hint: {op}	نامعلوم پیرامیٹر {name}	فائل {path} پڑھنے میں ناکامی: {error}	پارسر کی خرابی: {error}	معنوی خرابی: {error}	اسٹیٹ `{name}` کا اعلان کیا گیا لیکن کبھی استعمال نہیں ہوا	فنکشن `{func}` میں پیرامیٹر `{name}` اسٹیٹ `{name}` کو چھپا دیتا ہے؛ اسٹیٹ تک رسائی کے لیے پیرامیٹر کا نام تبدیل کریں	فنکشن `{func}` میں ربط `{name}` اسٹیٹ `{name}` کو چھپا دیتا ہے؛ رسائی برقرار رکھنے کے لیے ربط کا نام تبدیل کریں	فنکشن `{func}` میں نقشہ پر تکرار کرتے وقت ربط `{name}` اسٹیٹ `{name}` کو چھپا دیتا ہے	فنکشن `{func}` میں پیرامیٹر `{name}` کبھی استعمال نہیں ہوتا	{context} میں ناقابلِ رسائی بیان ملا: return کے بعد کا کوڈ کبھی نہیں چلتا	ٹھیک	استعمال: koto check <file.ko> [<file2.ko> ...]	مہیا کردہ سورس پر Kotodama کے lint چلائیں۔
Sinhala	සම්පාදනයට ක්‍රියාකාරකම් කිසිවක් නොමැත	Kotodama compiler hint: {op}	හඳුනා නොගත් පරාමිතිය {name}	{path} කියවීමට නොහැකි විය: {error}	විග්‍රහ දෝෂය: {error}	අර්ථ දෝෂය: {error}	`{name}` තත්වය ප්‍රකාශිත නමුත් කිසිවිටෙක භාවිතා නොවේ	`{func}` ක්‍රියාවලියේ `{name}` පරාමිතිය `{name}` තත්වය සගවයි; තත්වය වෙත ප්‍රවේශ වීමට පරාමිතියේ නම වෙනස් කරන්න	`{func}` ක්‍රියාවලියේ `{name}` බැඳීම `{name}` තත්වය සගවයි; ප්‍රවේශය පවත්වා ගැනීමට බැඳීමේ නම වෙනස් කරන්න	`{func}` ක්‍රියාවලියේ map එක මඟින් චක්‍රය කරන විට `{name}` බැඳීම `{name}` තත්වය සගවයි	`{func}` ක්‍රියාවලියේ `{name}` පරාමිතිය කිසිදා භාවිතා නොකරයි	{context} තුළ නොහැකි ප්‍රකාශයක් අනාවරණය විය: return පසු ඇති කේතය කිසිදා ක්‍රියාත්මක නොවේ	හරි	භාවිතය: koto check <file.ko> [<file2.ko> ...]	සපයා ඇති මූලාශ්‍ර මත Kotodama lint පරීක්ෂණ ක්‍රියාත්මක කරයි.
Tamil	தொகுக்க செயல்பாடுகள் எதுவும் இல்லை	Kotodama compiler hint: {op}	அறியப்படாத அளவுரு {name}	{path} ஐ படிக்க முடியவில்லை: {error}	பகுப்பாய்வி பிழை: {error}	அர்த்த பிழை: {error}	`{name}` நிலையைக் கூறியுள்ளீர்கள் ஆனால் அது ஒருபோதும் பயன்படுத்தப்படவில்லை	`{func}` செயல்பாட்டில் உள்ள `{name}` அளவுரு `{name}` நிலையை மறைக்கிறது; நிலையை அணுக அளவுரின் பெயரை மாற்றவும்	`{func}` செயல்பாட்டில் உள்ள `{name}` பைண்டிங் `{name}` நிலையை மறைக்கிறது; அணுகலைப் பாதுகாக்க பைண்டிங் பெயரை மாற்றவும்	`{func}` செயல்பாட்டில் வரைபடத்தைச் சுழற்றும் போது `{name}` பைண்டிங் `{name}` நிலையை மறைக்கிறது	`{func}` செயல்பாட்டில் `{name}` அளவுரு ஒருபோதும் பயன்படுத்தப்படவில்லை	{context} இல் அணுக முடியாத கூற்று கண்டறியப்பட்டது: return க்கு பின் உள்ள குறியீடு ஒருபோதும் இயக்கப்படாது	சரி	பயன்பாடு: koto check <file.ko> [<file2.ko> ...]	வழங்கப்பட்ட மூலங்களின் மீது Kotodama lint சோதனைகளை இயக்குகிறது.
French	Aucune fonction à compiler	Kotodama compiler hint: {op}	Param inconnu {name}	Échec de la lecture de {path} : {error}	Erreur de l'analyseur : {error}	Erreur sémantique : {error}	L'état `{name}` est déclaré mais n'est jamais utilisé	Le paramètre `{name}` de la fonction `{func}` masque l'état `{name}` ; renommez le paramètre pour accéder à l'état	La liaison `{name}` dans la fonction `{func}` masque l'état `{name}` ; renommez la liaison pour conserver l'accès à l'état	La liaison `{name}` dans la fonction `{func}` masque l'état `{name}` pendant l'itération de la map	Le paramètre `{name}` de la fonction `{func}` n'est jamais utilisé	Instruction inatteignable détectée dans {context} : le code après un return n'est jamais exécuté	ok	Utilisation : koto check <file.ko> [<file2.ko> ...]	Exécute les lints Kotodama sur les sources fournies.
Ukrainian	Немає функцій для компіляції	Kotodama compiler hint: {op}	Невідомий параметр {name}	Не вдалося прочитати файл {path}: {error}	Помилка парсера: {error}	Семантична помилка: {error}	Стан `{name}` оголошений, але жодного разу не використовується	Параметр `{name}` у функції `{func}` приховує стан `{name}`; перейменуйте параметр, щоб отримати доступ до стану	Зв'язування `{name}` у функції `{func}` приховує стан `{name}`; перейменуйте зв'язування, щоб зберегти доступ	Зв'язування `{name}` у функції `{func}` приховує стан `{name}` під час ітерації карти	Параметр `{name}` у функції `{func}` ніде не використовується	Виявлено недосяжний оператор у {context}: код після return ніколи не виконується	ок	Використання: koto check <file.ko> [<file2.ko> ...]	Запускає lint-перевірки Kotodama для наданих вихідних файлів.
Polish	Brak funkcji do kompilacji	Kotodama compiler hint: {op}	Nieznany parametr {name}	Nie udało się odczytać pliku {path}: {error}	Błąd parsera: {error}	Błąd semantyczny: {error}	Stan `{name}` został zadeklarowany, ale nigdy nie jest używany	Parametr `{name}` w funkcji `{func}` ukrywa stan `{name}`; zmień nazwę parametru, aby uzyskać dostęp do stanu	Powiązanie `{name}` w funkcji `{func}` ukrywa stan `{name}`; zmień nazwę powiązania, aby zachować dostęp	Powiązanie `{name}` w funkcji `{func}` ukrywa stan `{name}` podczas iteracji mapy	Parametr `{name}` w funkcji `{func}` nie jest nigdzie używany	Wykryto nieosiągalne polecenie w {context}: kod po return nigdy się nie wykonuje	OK	Użycie: koto check <file.ko> [<file2.ko> ...]	Uruchamia lintery Kotodama dla podanych plików źródłowych.
Swedish	Inga funktioner att kompilera	Kotodama compiler hint: {op}	Okänd parameter {name}	Misslyckades med att läsa filen {path}: {error}	Parserfel: {error}	Semantiskt fel: {error}	State `{name}` är deklarerat men används aldrig	Parametern `{name}` i funktionen `{func}` skymmer state `{name}`; byt namn på parametern för att komma åt state	Bindningen `{name}` i funktionen `{func}` skymmer state `{name}`; byt namn på bindningen för att behålla åtkomsten	Bindningen `{name}` i funktionen `{func}` skymmer state `{name}` under map-iteration	Parametern `{name}` i funktionen `{func}` används aldrig	Oåtkomligt uttryck upptäcktes i {context}: kod efter return körs aldrig	ok	Användning: koto check <file.ko> [<file2.ko> ...]	Kör Kotodamas lint-kontroller på angivna källor.
German	Keine Funktionen zu kompilieren	Kotodama compiler hint: {op}	Unbekannter Parameter {name}	Datei {path} konnte nicht gelesen werden: {error}	Parser-Fehler: {error}	Semantischer Fehler: {error}	State `{name}` ist deklariert, wird aber nie verwendet	Der Parameter `{name}` in Funktion `{func}` überdeckt den State `{name}`; benenne den Parameter um, um auf den State zuzugreifen	Die Bindung `{name}` in Funktion `{func}` überdeckt den State `{name}`; benenne die Bindung um, damit der State erreichbar bleibt	Die Bindung `{name}` in Funktion `{func}` überdeckt den State `{name}` während der Map-Iteration	Der Parameter `{name}` in Funktion `{func}` wird niemals verwendet	Nicht erreichbare Anweisung in {context} erkannt: Code nach einem return wird nie ausgeführt	ok	Verwendung: koto check <file.ko> [<file2.ko> ...]	Führt die Kotodama-Lints für die angegebenen Quellen aus.
Greek	Δεν υπάρχουν συναρτήσεις για μεταγλώττιση	Kotodama compiler hint: {op}	Άγνωστη παράμετρος {name}	Αποτυχία στην ανάγνωση του αρχείου {path}: {error}	Σφάλμα αναλυτή: {error}	Σημασιολογικό σφάλμα: {error}	Η κατάσταση `{name}` δηλώθηκε αλλά δεν χρησιμοποιείται ποτέ	Η παράμετρος `{name}` στη συνάρτηση `{func}` καλύπτει την κατάσταση `{name}`· μετονομάστε την παράμετρο για πρόσβαση στην κατάσταση	Η δέσμευση `{name}` στη συνάρτηση `{func}` καλύπτει την κατάσταση `{name}`· μετονομάστε τη δέσμευση για να διατηρήσετε την πρόσβαση	Η δέσμευση `{name}` στη συνάρτηση `{func}` καλύπτει την κατάσταση `{name}` κατά την επανάληψη του map	Η παράμετρος `{name}` στη συνάρτηση `{func}` δεν χρησιμοποιείται ποτέ	Εντοπίστηκε μη προσπελάσιμη εντολή στο {context}: ο κώδικας μετά το return δεν εκτελείται ποτέ	εντάξει	Χρήση: koto check <file.ko> [<file2.ko> ...]	Εκτελεί τους ελέγχους lint του Kotodama στα δοσμένα αρχεία πηγής.
Italian	Nessuna funzione da compilare	Kotodama compiler hint: {op}	Parametro sconosciuto {name}	Impossibile leggere il file {path}: {error}	Errore del parser: {error}	Errore semantico: {error}	Lo stato `{name}` è dichiarato ma non viene mai usato	Il parametro `{name}` nella funzione `{func}` oscura lo stato `{name}`; rinomina il parametro per accedere allo stato	Il binding `{name}` nella funzione `{func}` oscura lo stato `{name}`; rinomina il binding per mantenere l'accesso allo stato	Il binding `{name}` nella funzione `{func}` oscura lo stato `{name}` durante l'iterazione della mappa	Il parametro `{name}` nella funzione `{func}` non viene mai usato	Istruzione irraggiungibile rilevata in {context}: il codice dopo un return non viene mai eseguito	ok	Uso: koto check <file.ko> [<file2.ko> ...]	Esegue i lint di Kotodama sulle sorgenti fornite.
Kazakh	Компиляция жасайтын функция жоқ	Kotodama compiler hint: {op}	Белгісіз параметр {name}	{path} файлын оқу сәтсіз аяқталды: {error}	Парсер қатесі: {error}	Семантикалық қате: {error}	`{name}` күйі жарияланған, бірақ ешқашан қолданылмайды	`{func}` функциясындағы `{name}` параметрі `{name}` күйін көлегейлейді; күйге қол жеткізу үшін параметрдің атын өзгертіңіз	`{func}` функциясындағы `{name}` байланысы `{name}` күйін көлегейлейді; қол жетімділікті сақтау үшін байланыстың атын өзгертіңіз	`{func}` функциясында карта бойынша өту кезінде `{name}` байланысы `{name}` күйін көлегейлейді	`{func}` функциясындағы `{name}` параметрі қолданылмайды	{context} ішінде жетуге болмайтын оператор анықталды: return-нен кейінгі код ешқашан орындалмайды	ок	Қолданылуы: koto check <file.ko> [<file2.ko> ...]	Берілген бастапқы файлдарда Kotodama lint тексерістерін іске қосады.
Mongolian	Компиляцлах функц алга	Kotodama compiler hint: {op}	Тодорхойгүй параметр {name}	{path} файлыг уншиж чадсангүй: {error}	Парсерын алдаа: {error}	Семантик алдаа: {error}	`{name}` төлөв зарлагдсан боловч хэзээ ч ашиглагдахгүй байна	`{func}` функц доторх `{name}` параметр нь `{name}` төлөвийг халхалж байна; төлөвт хандахын тулд параметрийн нэрийг өөрчилнө үү	`{func}` функц доторх `{name}` холбоос нь `{name}` төлөвийг халхалж байна; хандалтыг хадгалахын тулд холбоосын нэрийг өөрчилнө үү	`{func}` функц map-ийг давтах үед `{name}` холбоос нь `{name}` төлөвийг халхалж байна	`{func}` функц дотор `{name}` параметр огт ашиглагддаггүй	{context} хэсэгт хүрэх боломжгүй мэдэгдлийг илрүүллээ: return-ийн дараах код хэзээ ч ажиллахгүй	зөв	Ашиглах арга: koto check <file.ko> [<file2.ko> ...]	Өгөгдсөн эх сурвалж дээр Kotodama-ийн lint шалгалтуудыг ажиллуулна.
Javanese	Ora ana fungsi kanggo dikompilasi	Kotodama compiler hint: {op}	Paramèter ora dikenal {name}	Gagal maca berkas {path}: {error}	Kesalahan parser: {error}	Kesalahan semantik: {error}	state `{name}` wis diumumaké nanging ora tau digunakaké	paramèter `{name}` ing fungsi `{func}` ndhelikaké state `{name}`; ganti jeneng paramèter supaya bisa ngakses state	ikat `{name}` ing fungsi `{func}` ndhelikaké state `{name}`; ganti jeneng ikatan supaya akses tetep ana	ikat `{name}` ing fungsi `{func}` ndhelikaké state `{name}` nalika iterasi map	paramèter `{name}` ing fungsi `{func}` ora tau dienggo	pernyataan ora bisa digayuh ditemokaké ing {context}: kode sawisé return ora bakal mlaku	berhasil	Panggunaan: koto check <file.ko> [<file2.ko> ...]	Mbukak lint Kotodama marang sumber sing diwènèhaké.
Madurese	Tak enngih fungsi reng ateh takokah	Kotodama compiler hint: {op}	Paramater tak dikenal {name}	Tak bisa maosa berkas {path}: {error}	Kasalahan parser: {error}	Kasalahan semantik: {error}	Kaadaan `{name}` sampun deddhi tapi tak kaanggo sape	Parameter `{name}` dalam fungsi `{func}` ngallempeng kaadaan `{name}`; ganti jenengan parameter ben bisa nyepeng kaadaan	Ikatan `{name}` dalam fungsi `{func}` ngallempeng kaadaan `{name}`; ganti jenengan ikatan ben aksès kaadaan tetep ana	Nalika fungsi `{func}` ngalantur map, ikatan `{name}` ngallempeng kaadaan `{name}`	Parameter `{name}` dalam fungsi `{func}` tak kaanggo sape	Instruksi neng {context} tak bisa kasampurna; kode sawisé return tak bakal mlaku	beres	Pangangguy: koto check <file.ko> [<file2.ko> ...]	Lakokno Kotodama lint marang berkas se sampèyan pasraaghi.
Balinese	Nénten wénten fungsi sane dados dikompilasi	Kotodama compiler hint: {op}	Parémetro nénten karahosang {name}	Gagal maos berkas {path}: {error}	Kasalahan parser: {error}	Kasalahan semantik: {error}	Kaadan `{name}` sampun kaserat nanging tan dados kaanggén	Parameter `{name}` ring fungsi `{func}` ngamantenin kaadan `{name}`; gantiangang nami parameter mangda kaadan prasida kasengguh	Binding `{name}` ring fungsi `{func}` ngamantenin kaadan `{name}`; gantiangang nami binding mangda aksés kaadan tetep kabuka	Nalika fungsi `{func}` ngamolihang map, binding `{name}` ngamantenin kaadan `{name}`	Parameter `{name}` ring fungsi `{func}` tan dados kaanggén wenten pisan	Wangsalan tan kasapuk kapanggih ring {context}; kode sasampun return tan kalaksanayang	becik	Panganggé: koto check <file.ko> [<file2.ko> ...]	Laksanayang Kotodama lint ring sumber sane kapidabdabang.
Minangkabau	Indak ado fungsi nan dikompilasi	Kotodama compiler hint: {op}	Parameter indak dikenal {name}	Gagal mambaco berkas {path}: {error}	Kesalahan parser: {error}	Kesalahan semantik: {error}	Kaadaan `{name}` lah diisiahkan tapi indak dipakai	Parameter `{name}` dalam fungsi `{func}` manutub kaadaan `{name}`; ganti namo parameter supaya kaadaan bisa dicapai	Binding `{name}` dalam fungsi `{func}` manutub kaadaan `{name}`; ganti namo binding untuak manyaga akses kaadaan	Saat fungsi `{func}` malewangkan map, binding `{name}` manutub kaadaan `{name}`	Parameter `{name}` dalam fungsi `{func}` indak dipakai samo sakali	Pernyataan nan ndak bisa dicapai kapanggih dalam {context}; kode salapeh return indak bakal jalan	baik	Panggunaan: koto check <file.ko> [<file2.ko> ...]	Jalanan Kotodama lint ka sumber nan disadiokan.
AncientEgyptianHieroglyph	𓈖𓄿𓊵𓅱 𓆑𓅱𓈖𓐍𓏏𓅱𓈖 𓉔𓄿𓂋 𓎡𓅱𓊪𓃀𓇋𓃭	𓎼𓂋𓏏𓅱𓄿 𓃀𓇋𓄿𓈖𓏭 𓉔𓈖𓂧𓄿𓏏𓄿: {op}	𓄿𓈙 𓅱𓎛𓈖𓏏𓄿 𓉔𓄿𓂋 𓂝𓅱𓈖 `{name}`	𓄿𓅱𓈖 𓂝𓅱𓏏𓈖 `{path}` 𓏏𓅱𓎼𓄿𓃀 𓎛𓇌𓂧𓄿: `{error}`	𓊪𓄿𓂋𓋴𓇋𓂋 𓅓𓎛𓄿𓂧: {error}	𓉔𓄿𓂧 𓋴𓅊𓈖𓂧𓄿𓂋𓂧: {error}	`{name}` 𓋴𓍿𓄿𓏏 𓅓𓂝𓂻𓄿 𓅓𓅱𓈖 𓊪𓅓𓂝	𓋴𓅓𓋴 `{func}` 𓄿𓂋𓈙 `{name}` 𓋴𓍿𓄿𓏏 𓅓𓂝𓂻𓄿; 𓋴𓈖𓆑𓂋 𓈖𓂝𓈖 𓄿𓂋𓈙 𓉔𓆑𓂋 𓋴𓍿𓄿𓏏	𓋴𓅓𓋴 `{func}` 𓉔𓆑𓂋 𓈖𓍿𓂋𓈙 `{name}` 𓋴𓍿𓄿𓏏 𓅓𓂝𓂻𓄿; 𓋴𓈖𓆑𓂋 𓈖𓂝𓈖 𓍿𓂋𓈙 𓉔𓆑𓂋 𓋴𓍿𓄿𓏏	𓎛𓈖𓏏𓇋 `{func}` 𓋴𓂋𓊪 𓎡𓂋𓈖𓂋 𓍿𓂋𓈙 `{name}` 𓋴𓍿𓄿𓏏 𓅓𓂝𓂻𓄿	𓋴𓅓𓋴 `{func}` 𓄿𓂋𓈙 `{name}` 𓅓𓅱𓈖 𓊪𓅓𓂝	{context} 𓅓 𓋴𓂻𓈖𓅱 𓂋𓏲𓏏𓈖 𓅱𓂝 𓂋𓈖 𓂋𓏤; 𓎛𓂧𓋴 𓎝𓂋𓈖 𓎼𓃭𓂧 𓅱𓈗 𓂝	𓈖𓆑𓂋	𓎛𓄿𓂧 𓋴𓂝𓄿𓃀: 𓎟𓏏𓃀𓇋𓆑𓏏 <𓅱𓅱𓋴𓏏.𓎡𓅱> [<𓅱𓅱𓋴𓎡𓅱2> 𓂝𓂝𓎛]	𓋴𓆑𓂋𓂋 𓍿𓂋𓈙𓄿 𓂝𓈘𓄿 𓅓 𓐍𓂝𓈖𓌻𓈖
Dzongkha	ཕན་ཚུན་སྤྱོད་མི་བྱེད་པའི་ལས་སྦྱོར་མེད།	Kotodama compiler hint: {op}	མ་ཤེས་པའི་ཚད་གཞི {name}	{path} ཡིག་ཆ་ལྷག་མ་ཚུབ།: {error}	ཞིབ་འགྲེལ་མི་འགྲུབ་པའི་ནོར་འཁྲུལ: {error}	དོན་ཚན་ནོར་འཁྲུལ: {error}	state `{name}` གསལ་བསྒྲགས་བྱས་ཡོད་ཀྱང་སྤྱོད་པ་མེད།	ལས་འགན `{func}` ནང་ `{name}` ཚད་གཞིས་ state `{name}` མུན་ནག་བཟོས། state ལྟ་སྤྱོད་བྱ་ནི་ལུ་ཚད་གཞིའི་མིང་སླར་གསར་བཟོ།	ལས་འགན `{func}` ནང་ `{name}` མཐུད་མཚམས་ཀྱིས་ state `{name}` མུན་ནག་བཟོས། state ལུ་ཐུགས་རྟགས་བཟོ་ནི་ལུ་མཐུད་མཚམས་མིང་སླར་གསར་བཟོ།	ལས་འགན `{func}` གིས་མེ་ལོང་ལུ་ལོག་རྒྱུད་སྐབས་ `{name}` མཐུད་མཚམས་ཀྱིས་ state `{name}` མུན་ནག་བཟོས།	ལས་འགན `{func}` ནང་ `{name}` ཚད་གཞི་དེ་སྤྱོད་མེད།	{context} ནང་ལྷག་མེད་པར་ཐོབ་མི་བརྡ་དོན་མངོན་ཡོད། return གཏང་ཞིང་གི་ཤུལ་མམ་གྱི་ཀོཌྲ་མེད།	བཟང་	སྤྱོད་ཐབས: koto check <file.ko> [<file2.ko> ...]	བྱིན་ཡོད་པའི་ཁྱབ་བསྒྲགས་ལུ Kotodama lint འཁོར་སྐོར་འབད།
Serbian	Нема функција за компилацију	Kotodama compiler hint: {op}	Непознати параметар {name}	Није успело читање датотеке {path}: {error}	Грешка парсера: {error}	Семантичка грешка: {error}	стање `{name}` је декларисано, али се никада не користи	параметар `{name}` у функцији `{func}` прикрива стање `{name}`; преименујте параметар да бисте приступили стању	веза `{name}` у функцији `{func}` прикрива стање `{name}`; преименујте везу да бисте задржали приступ	веза `{name}` у функцији `{func}` прикрива стање `{name}` током итерирања мапе	параметар `{name}` у функцији `{func}` се никада не користи	откривена је недостижна наредба у {context}: код после return наредбе се никада не извршава	у реду	Употреба: koto check <file.ko> [<file2.ko> ...]	Покреће Kotodama lint провере над наведеним изворним датотекама.
Turkish	Derleme için işlev bulunmuyor	Kotodama compiler hint: {op}	Bilinmeyen parametre {name}	{path} dosyası okunamadı: {error}	Ayrıştırıcı hatası: {error}	Anlamsal hata: {error}	`{name}` durumu tanımlandı ancak hiç kullanılmıyor	`{func}` fonksiyonundaki `{name}` parametresi `{name}` durumunu gizliyor; duruma erişmek için parametreyi yeniden adlandırın	`{func}` fonksiyonundaki `{name}` bağlaması `{name}` durumunu gizliyor; erişimi korumak için bağlamayı yeniden adlandırın	`{func}` fonksiyonunda harita yinelemesi sırasında `{name}` bağlaması `{name}` durumunu gizliyor	`{func}` fonksiyonundaki `{name}` parametresi hiç kullanılmıyor	{context} içinde erişilemeyen ifade bulundu: return sonrasındaki kod hiçbir zaman çalışmaz	tamam	Kullanım: koto check <file.ko> [<file2.ko> ...]	Belirtilen kaynaklar üzerinde Kotodama lint kontrollerini çalıştırır.
Armenian	Կոմպիլյացիայի համար ֆունկցիաներ չկան	Kotodama compiler hint: {op}	Անհայտ պարամետր {name}	Չհաջողվեց կարդալ {path} ֆայլը. {error}	Վերծանիչի սխալ: {error}	Սեմանտիկ սխալ: {error}	`{name}` վիճակը հայտարարված է, բայց երբեք չի օգտագործվում	`{name}` պարամետրը `{func}` ֆունկցիայում փակում է `{name}` վիճակը. փոխեք պարամետրի անունը՝ վիճակին հասանելի լինելու համար	`{name}` կապը `{func}` ֆունկցիայում փակում է `{name}` վիճակը. փոխեք կապի անունը՝ հասանելիությունը պահպանելու համար	`{func}` ֆունկցիայում քարտեզի կրկնության ժամանակ `{name}` կապը փակում է `{name}` վիճակը	`{func}` ֆունկցիայում `{name}` պարամետրը երբեք չի օգտագործվում	{context}`-ում հայտնաբերվեց անմատչելի արտահայտություն. return-ից հետո կոդը երբեք չի կատարվում	լավ	Օգտագործում՝ koto check <file.ko> [<file2.ko> ...]	Գործարկում է Kotodama-ի lint ստուգումները տրամադրված աղբյուրների վրա։
Amharic	ለመኮምፓይል ምንም ፋንክሽን የለም	Kotodama compiler hint: {op}	ያልታወቀ ፓራሜትር {name}	ፋይል {path} ማንበብ አልተቻለም: {error}	የፓርሰር ስህተት: {error}	የትርጉም ስህተት: {error}	ሁኔታ `{name}` ተገልጿል፣ ግን በግልጽ ሁኔታ አልተጠቀምበትም	በ`{func}` ፋንክሽን ውስጥ ያለው ፓራሜትር `{name}` የ`{name}` ሁኔታን ይሸፍናል፤ ሁኔታውን ለመድረስ የፓራሜቱን ስም ይቀይሩ	በ`{func}` ፋንክሽን ውስጥ ያለው መቆለፊያ `{name}` የ`{name}` ሁኔታን ይሸፍናል፤ መዳረሻው እንዲቀጥል የመቆለፊያውን ስም ይቀይሩ	በ`{func}` ፋንክሽን ውስጥ ሜፕን ሲዘዋወር መቆለፊያ `{name}` የ`{name}` ሁኔታን ይሸፍናል	ፓራሜትር `{name}` በ`{func}` ፋንክሽን ውስጥ ምንም ጊዜ አይጠቀምም	በ{context} ውስጥ የማይደረስ መግለጫ ተገኘ፤ return በኋላ ያለው ኮድ በፍላጎት አይሰራም	እሺ	መጠቀም: koto check <file.ko> [<file2.ko> ...]	የKotodama lint ምርመራዎችን በተሰጡት ምንጮች ላይ ይከናውኑ.
Hausa	Babu aikin da za a haɗa	Kotodama compiler hint: {op}	Sigogi da ba a sani ba {name}	An kasa karanta fayil {path}: {error}	Kuskuren mai fassara: {error}	Kuskuren ma'ana: {error}	halin `{name}` an ayyana shi amma ba a taba amfani da shi ba	sigar `{name}` a cikin aikin `{func}` na rufe halin `{name}`; canza sunan sigar don samun damar halin	haɗin `{name}` a cikin aikin `{func}` na rufe halin `{name}`; canza sunan haɗin don kiyaye damar shiga	haɗin `{name}` a cikin aikin `{func}` na rufe halin `{name}` yayin jujjuyawar taswira	sigar `{name}` a cikin aikin `{func}` ba ta taba amfani ba	an gano jimla da ba za a iya kai wa gare ta ba a {context}: lambar bayan return ba za ta taba gudana ba	lafiya	Amfani: koto check <file.ko> [<file2.ko> ...]	Gudanar da binciken lint na Kotodama a kan tushen da aka bayar.
Tibetan	མཉེན་ཆས་ཀྱི་ལས་འཆར་མེད་པས་མཉེན་ཆས་ཚང་མེད།	Kotodama compiler hint: {op}	ངོ་མ་མེད་པའི་ཚད་བསྡུས {name}	ཡིག་ཆ་ {path} ཀློག་མི་ཚུབ།: {error}	དབྱེ་སུབ་ནོར་འཁྲུལ: {error}	དོན་ཚན་ནོར་འཁྲུལ: {error}	གནས་སྟངས་ `{name}` གསལ་བཀོད་བྱས་ཡོད་ཀྱང་སྤྱོད་པ་མེད།	ལས་འཆར་ `{func}` ནང་གི་ ཚད་བསྡུས་ `{name}` གནས་སྟངས་ `{name}` སྐུད་འཁྱོར་བྱེད་པས་ འདི་ལས་འགྲོ་བརྗེ་བསྒྱུར་བྱས་ནས་གནས་སྟངས་ལ་འཛུལ།	ལས་འཆར་ `{func}` ནང་གི་མཐུན་སྒྲིག `{name}` གནས་སྟངས་ `{name}` སྐུད་འཁྱོར་བྱས། འཛུལ་ལམ་ལུས་མི་བཅུག་པར་མཐུན་སྒྲིག་གི་མིང་བསྒྱུར།	ལས་འཆར་ `{func}` ནང་ས་ཁྲ་ལ་བསྐྱར་འཁོར་བྱེད་སྐབས་མཐུན་སྒྲིག `{name}` གནས་སྟངས་ `{name}` སྐུད་འཁྱོར་བྱས།	ལས་འཆར་ `{func}` ནང་གི་ཚད་བསྡུས་ `{name}` སྤྱོད་པ་མེད།	{context} ནང་འཛུལ་མི་རུང་བའི་གསལ་བརྗོད་མཐོང་སྟེ་ return རྗེས་ཀྱི་ཨང་རྟགས་སྤྱོད་མེད།	བདེ་ལེགས།	བཀོལ་སྤྱོད་: koto check <file.ko> [<file2.ko> ...]	Kotodama གི་ལིནཊི་བརྟག་ཞིབ་དེབ་གྲངས་འདིར་སྤྱོད།
Kashmiri	کمپایل کرن لۄکھ فنکشن نْہ چھ	Kotodama compiler hint: {op}	نامولوم پیرامیٹر {name}	فایل {path} پڑھن منز ناکام: {error}	پارسر غلطی: {error}	معنوی غلطی: {error}	`{name}` حالت اعلٕان چھ مگر ہٕندٕ استعمال کنہٕ نہٕ گۄو	فَنکشن `{func}` ہند `{name}` پارامیٹر حالت `{name}` آستاں چھ؛ حالت رسٕی میچان باپت پارامیٹر آکھ بدلٕو	فَنکشن `{func}` ہند `{name}` ربط حالت `{name}` آستاں چھ؛ رسٕی برقرار کرن باپت ربط آکھ بدلٕو	یَتھ `{func}` نقشو گژھان، ربط `{name}` حالت `{name}` آستاں چھ	فَنکشن `{func}` ہند `{name}` پارامیٹر کنہٕ وٕنہٕ استعمال گۄو	{context} منز نا رسٕی بیان ویل۪ی؛ ریٹرن پَت کۄڈ نہٕ چلان	ٹھیک	استعمال: koto check <file.ko> [<file2.ko> ...]	دیوان سۄرسن پٲت Kotodama lint چلٲو.
Nepali	कम्पाइल गर्न कुनै फङ्सन छैन	Kotodama compiler hint: {op}	अज्ञात प्यारामिटर {name}	फाइल {path} पढ्न सकिएन: {error}	पार्सर त्रुटि: {error}	अर्थसम्बन्धी त्रुटि: {error}	state `{name}` घोषण गरिएको छ तर कहिल्यै प्रयोग गरिएको छैन	फङ्सन `{func}` मा `{name}` प्यारामिटरले state `{name}` लाई लुकाउँछ; state पहुँच गर्न प्यारामिटरको नाम परिवर्तन गर्नुहोस्	फङ्सन `{func}` मा binding `{name}` ले state `{name}` लाई लुकाउँछ; पहुँच कायम राख्न binding को नाम परिवर्तन गर्नुहोस्	फङ्सन `{func}` मा map दोहोर्‍याउँदा binding `{name}` ले state `{name}` लाई लुकाउँछ	फङ्सन `{func}` मा प्यारामिटर `{name}` कहिल्यै प्रयोग हुँदैन	{context} मा पुग्न नसकिने विधान फेला पर्यो: return पछि रहेको कोड कहिल्यै चल्दैन	ठिक	प्रयोग: koto check <file.ko> [<file2.ko> ...]	दिइएका स्रोतहरूमा Kotodama lint जाँचहरू चलाउँछ।
Afrikaans	Geen funksies om saam te stel nie	Kotodama compiler hint: {op}	Onbekende parameter {name}	Kon nie lêer {path} lees nie: {error}	Ontlederfout: {error}	Semantiese fout: {error}	toestand `{name}` is gedeclareer maar word nooit gebruik nie	parameter `{name}` in funksie `{func}` verberg toestand `{name}`; hernoem die parameter om toegang tot die toestand te kry	binding `{name}` in funksie `{func}` verberg toestand `{name}`; hernoem die binding om toegang tot die toestand te behou	binding `{name}` in funksie `{func}` verberg toestand `{name}` tydens kaart-iterasie	parameter `{name}` in funksie `{func}` word nooit gebruik nie	onbereikbare stelling opgespoor in {context}: kode na ’n return word nooit uitgevoer nie	goed	Gebruik: koto check <file.ko> [<file2.ko> ...]	Voer Kotodama se lint-kontroles op die verskafte bronne uit.
Spanish	No hay funciones para compilar	Kotodama compiler hint: {op}	Parámetro desconocido {name}	Error al leer el archivo {path}: {error}	Error del analizador: {error}	Error semántico: {error}	El estado `{name}` se declara pero nunca se usa	El parámetro `{name}` en la función `{func}` oculta el estado `{name}`; renombra el parámetro para acceder al estado	La vinculación `{name}` en la función `{func}` oculta el estado `{name}`; renombra la vinculación para mantener el acceso al estado	La vinculación `{name}` en la función `{func}` oculta el estado `{name}` durante la iteración del mapa	El parámetro `{name}` en la función `{func}` no se usa nunca	Se detectó una instrucción inaccesible en {context}: el código después de un return nunca se ejecuta	correcto	Uso: koto check <file.ko> [<file2.ko> ...]	Ejecuta las comprobaciones de lint de Kotodama sobre las fuentes proporcionadas.
Farsi	هیچ تابعی برای کامپایل وجود ندارد	Kotodama compiler hint: {op}	پارامتر ناشناخته {name}	خواندن فایل {path} ممکن نشد: {error}	خطای تجزیه‌گر: {error}	خطای معنایی: {error}	وضعیت `{name}` اعلام شده است اما هرگز استفاده نمی‌شود	پارامتر `{name}` در تابع `{func}` وضعیت `{name}` را پنهان می‌کند؛ برای دسترسی به وضعیت نام پارامتر را تغییر دهید	پیوند `{name}` در تابع `{func}` وضعیت `{name}` را پنهان می‌کند؛ برای حفظ دسترسی نام پیوند را تغییر دهید	پیوند `{name}` در تابع `{func}` هنگام پیمایش نقشه وضعیت `{name}` را پنهان می‌کند	پارامتر `{name}` در تابع `{func}` هرگز استفاده نمی‌شود	دستور غیرقابل دسترس در {context} شناسایی شد: کد پس از return هرگز اجرا نمی‌شود	موفق	نحوه استفاده: koto check <file.ko> [<file2.ko> ...]	بر روی منابع ارائه‌شده lint های Kotodama را اجرا می‌کند.
OldAkkadian	𒅆𒅁𒊒 𒀭𒈾 𒈾𒀊𒆷𒅆 𒌑𒇻 𒄿𒋫𒆷𒀝	𒀭𒊑 𒋗𒈪 𒄷𒋾 {op}	𒉺𒊏𒈬 𒆷 𒄿𒁺 {name}	𒋻𒁍 {path} 𒌑𒇻 𒄿𒋗𒌅 {error}	𒋗𒁺 𒉺𒊏𒍑 {error}	𒋗𒁺 𒈾𒁍𒌈 {error}	𒋳𒉺 `{name}` 𒁺𒁍 𒆷 𒋳𒅕	𒋻 `{func}` 𒅁𒉺 `{name}` 𒋳𒆷 𒋳𒉺 `{name}`; 𒅁𒉺 `{name}` 𒋾𒈪 𒀭𒈾 𒋳𒉺	𒋻 `{func}` 𒋻𒉺 `{name}` 𒋳𒆷 𒋳𒉺 `{name}`; 𒋻𒉺 `{name}` 𒋾𒈪 𒀭𒈾 𒋳𒉺	𒋻 `{func}` 𒋻𒉺 `{name}` 𒋳𒆷 𒋳𒉺 `{name}` 𒉈𒍑 𒂍; 𒋻𒉺 `{name}` 𒋾𒈪 𒀭𒈾 𒋳𒉺	𒋻 `{func}` 𒅁𒉺 `{name}` 𒆷 𒅁𒋾	𒉈𒍑 {context} 𒆷 𒋳𒌋; 𒄿𒊑 𒆷 𒂊𒉺 𒅁𒋾	𒋗𒇻𒈬	𒄿𒊑𒄩 `koto check` 𒅁𒋾 <file.ko> [<file2.ko> ...]	𒉈𒍑 Kotodama 𒋼𒇻𒅕 𒀭𒈾 𒄿𒊑
Quechua	Mana ima ruwaykunapas huñunapaq	Kotodama compiler hint: {op}	Mana riqsisqa param {name}	mana ñawinchayta atirqanchu {path}: {error}	Parser pantay: {error}	Semántico pantay: {error}	estado `{name}` rurasqa kani, ichaqa manam hinaspa llamk'aykuykuchu	parametru `{name}` ruway `{func}` nisqapi estado `{name}` tapuqkuchkan; estado ta haykuykuykama parametru sutita hukmanta churay	huñuy `{name}` ruway `{func}` nisqapi estado `{name}` pakachkan; haykuyta qhispichiy nirqaykama huñu sutita hukmanta churay	map nisqata kutichkaptin ruway `{func}` nisqapi huñuy `{name}` estado `{name}` pakachkan	parametru `{name}` ruway `{func}` nisqapi manam miderankuchu	{context} nisqapi manam chaynaman chayarimayta atinchu: return ñawpanpi kachkan kodigoqa manam llamk'achkanchu	allin	Imayna llamk'achiy: koto check <file.ko> [<file2.ko> ...]	Chay apachisqa source nisqakunapi Kotodama lint qhawariykuna purichiy
Aymara	Janiw kuna funciones ukanakas compilar	Kotodama compiler hint: {op}	Jan uñt’at param {name}	Janiw liyiñjamäkiti {path}: {error}	Parser ukax mä pantjatawa: {error}	Semántica ukan pantjasitapa: {error}	`{name}` estado uka uñt’ayatawa ukampisa janiw apnaqatäkiti	Función `{func}` ukana `{name}` parámetro ukaxa `{name}` estado ukar imanta; estado ukar mantañataki parámetro sutipa mayjt’ayaña	Función `{func}` ukana `{name}` ch’iqchiwi ukaxa `{name}` estado ukar imanta; acceso chikañataki ch’iqchiwi sutipa mayjt’ayaña	Función `{func}` uka mapa thaqki ukaxa `{name}` ch’iqchiwi ukaxa `{name}` estado ukar imanta	Función `{func}` ukana `{name}` parámetro ukaxa janiw mayampisa apnaqatäkiti	{context} ukana jan purisiri arsu uñjasiwa; return ukat qhiparu qillqatanaka janiw sarnaqkiti	wali	Apnaqaña: koto check <file.ko> [<file2.ko> ...]	Kotodama lint uka sarantayaña wakichat qhanstayat qillqatanakana.
Bengali	সংকলনের কোনও ফাংশন নেই	Kotodama compiler hint: {op}	অজানা পরম {name}	পড়তে ব্যর্থ {path}: {error}	পার্সার ত্রুটি: {error}	শব্দার্থ ত্রুটি: {error}	স্টেট `{name}` ঘোষণা করা হয়েছে কিন্তু কখনও ব্যবহার করা হয়নি	ফাংশন `{func}`-এ প্যারামিটার `{name}` স্টেট `{name}`-কে আড়াল করছে; স্টেটে পৌঁছাতে প্যারামিটারের নাম পরিবর্তন করুন	ফাংশন `{func}`-এ বাইন্ডিং `{name}` স্টেট `{name}`-কে আড়াল করছে; প্রবেশাধিকার বজায় রাখতে বাইন্ডিংয়ের নাম পরিবর্তন করুন	ফাংশন `{func}`-এ ম্যাপ ইটারেশনের সময় বাইন্ডিং `{name}` স্টেট `{name}`-কে আড়াল করছে	ফাংশন `{func}`-এ প্যারামিটার `{name}` কখনও ব্যবহার করা হয় না	{context}`-এ অপ্রাপ্য স্টেটমেন্ট পাওয়া গেছে: return-এর পরে থাকা কোড কখনও চালানো হয় না	ঠিক আছে	ব্যবহার: koto check <file.ko> [<file2.ko> ...]	প্রদত্ত সোর্সের উপর Kotodama এর lint পরীক্ষা চালান।
Balochi	کمپایل ءَ کار ئی فنکشن نیست	Kotodama compiler hint: {op}	نامعلوم پارامیٹر {name}	فایل {path} پڑھنہ ناکام بوت: {error}	پارسر گلت: {error}	معنوی گلت: {error}	حالت `{name}` اعلان بوت انت، پر ہچ دم استعمال نہ بوت	فنکشن `{func}` ءِ `{name}` پارامیٹر حالت `{name}` ءَ پوش کراں؛ حالتءَ رسائی کیں پارامیٹرءِ نام بدل کن	فنکشن `{func}` ءِ `{name}` رابطہ حالت `{name}` ءَ پوش کراں؛ رسائی برقرار کنگ رابطہءِ نام بدل کن	چم `{func}` نقشہ ءِ گردش کنت، `{name}` رابطہ حالت `{name}` ءَ پوش کراں	فنکشن `{func}` ءِ `{name}` پارامیٹر ہرگیز استعمال نہ بوت	{context} ءِ نا رسائی جملہ پدا بوت؛ return ءِ پچھیں کوڈ کار نہ کن	سئی	کاربرد: koto check <file.ko> [<file2.ko> ...]	دادا سورانءَ Kotodama lint سر کن.
Bashkir	Компиляция өсөн функциялар юҡ	Kotodama compiler hint: {op}	Билдәһеҙ параметр {name}	{path} файлын уҡыу мөмкин булманы: {error}	Парсер хатаһы: {error}	Семантик хата: {error}	`{name}` хәле иғлан ителгән, ләкин ҡулланылмай	`{func}` функцияһындағы `{name}` параметры `{name}` хәлен күләгәләй; хәлгә инеү өсөн параметр исемен үҙгәртегеҙ	`{func}` функцияһындағы `{name}` бәйләнеше `{name}` хәлен йәшерә; хәлгә сығыу мөмкинлеге өсөн бәйләнеш исемен алмаштырығыҙ	`{func}` функцияһы карта буйлап йөрөгәндә `{name}` бәйләнеше `{name}` хәлен йәшерә	`{func}` функцияһындағы `{name}` параметры бөтөнләй ҡулланылмай	{context} эсендә үтәлмәҫ оператор табылды: return-дан һуңғы код эшләмәй	яҡшы	Ҡулланыу: koto check <file.ko> [<file2.ko> ...]	Бирелгән сығанаҡтар өсөн Kotodama lint-тарын эшләтегеҙ.
Brahui	کمپائلءِ فنکشن نست	Kotodama compiler hint: {op}	ناشنا پارامیټر {name}	فایل {path} مئے نہ اتگ: {error}	پارسر خطا: {error}	معنوی خطا: {error}	حالت `{name}` اعلان بوت انت، پر ہرگیز کار نئیں بوت	فنکشن `{func}` ءِ `{name}` پارامیٹر حالت `{name}` ءَ پوش کراں؛ حالتءَ دسترسی کیں پارامیٹرءِ نام بدل کن	فنکشن `{func}` ءِ `{name}` رابطہ حالت `{name}` ءَ پوش کراں؛ دسترسی برقرار کنگ رابطہءِ نام بدل کن	جا `{func}` نقشہ ءِ گردش کن، `{name}` رابطہ حالت `{name}` ءَ پوش کراں	فنکشن `{func}` ءِ `{name}` پارامیٹر ہرگیز کار نئیں بوت	{context} ءِ نا رسائی دستو پابند بوت؛ return ءِ پچھوں کوڈ نہ چلے	ٹھیک	کاربرد: koto check <file.ko> [<file2.ko> ...]	دیدا سورانءَ Kotodama lint چل کن.
Portuguese	Não há funções para compilar	Kotodama compiler hint: {op}	Parâmetro desconhecido {name}	Falha ao ler o arquivo {path}: {error}	Erro do analisador: {error}	Erro semântico: {error}	O estado `{name}` foi declarado, mas nunca é usado	O parâmetro `{name}` na função `{func}` oculta o estado `{name}`; renomeie o parâmetro para acessar o estado	A vinculação `{name}` na função `{func}` oculta o estado `{name}`; renomeie a vinculação para manter o acesso ao estado	A vinculação `{name}` na função `{func}` oculta o estado `{name}` durante a iteração do mapa	O parâmetro `{name}` na função `{func}` nunca é usado	Instrução inalcançável detectada em {context}: o código após um return nunca é executado	ok	Uso: koto check <file.ko> [<file2.ko> ...]	Executa os lints do Kotodama nas fontes fornecidas.
Punjabi	ਕੰਪਾਈਲ ਕਰਨ ਲਈ ਕੋਈ ਫੰਕਸ਼ਨ ਨਹੀਂ	Kotodama compiler hint: {op}	ਅਣਜਾਣ ਪੈਰਾਮੀਟਰ {name}	ਫਾਇਲ {path} ਪੜ੍ਹਣ ਵਿੱਚ ਅਸਫਲ: {error}	ਪਾਰਸਰ ਗਲਤੀ: {error}	ਸੈਮੈਂਟਿਕ ਗਲਤੀ: {error}	state `{name}` ਦਾ ਐਲਾਨ ਕੀਤਾ ਗਿਆ ਹੈ ਪਰ ਕਦੇ ਵਰਤਿਆ ਨਹੀਂ ਗਿਆ	ਫੰਕਸ਼ਨ `{func}` ਵਿੱਚ ਪੈਰਾਮੀਟਰ `{name}` state `{name}` ਨੂੰ ਲੁਕਾਉਂਦਾ ਹੈ; state ਤੱਕ ਪਹੁੰਚ ਲਈ ਪੈਰਾਮੀਟਰ ਦਾ ਨਾਮ ਬਦਲੋ	ਫੰਕਸ਼ਨ `{func}` ਵਿੱਚ binding `{name}` state `{name}` ਨੂੰ ਲੁਕਾਉਂਦੀ ਹੈ; ਪਹੁੰਚ ਬਰਕਰਾਰ ਰੱਖਣ ਲਈ binding ਦਾ ਨਾਮ ਬਦਲੋ	ਫੰਕਸ਼ਨ `{func}` ਵਿੱਚ ਮੈਪ ਤੇ ਇਟਰੇਟ ਕਰਦੇ ਸਮੇਂ binding `{name}` state `{name}` ਨੂੰ ਲੁਕਾਉਂਦੀ ਹੈ	ਫੰਕਸ਼ਨ `{func}` ਵਿੱਚ ਪੈਰਾਮੀਟਰ `{name}` ਕਦੇ ਵਰਤਿਆ ਨਹੀਂ ਜਾਂਦਾ	{context} ਵਿੱਚ ਅਪਹੁੰਚ ਵਿਵਸਥਾ ਮਿਲੀ: return ਤੋਂ ਬਾਅਦ ਵਾਲਾ ਕੋਡ ਕਦੇ ਨਹੀਂ ਚੱਲਦਾ	ਠੀਕ	ਵਰਤੋਂ: koto check <file.ko> [<file2.ko> ...]	ਦਿੱਤੇ ਗਏ ਸਰੋਤਾਂ 'ਤੇ Kotodama lint ਚਲਾਉਂਦਾ ਹੈ।
Sindhi	ڪمپائيل ڪرڻ لاءِ ڪو به فنڪشن ناهي	Kotodama compiler hint: {op}	اڻڄاتل پيراميٽر {name}	فائل {path} پڙهڻ ۾ ناڪام: {error}	پارسنگ غلطي: {error}	معنوي غلطي: {error}	حالت `{name}` جو اعلان ٿيو پر ڪڏهن به استعمال نه ٿيو	فنڪشن `{func}` ۾ پيراميٽر `{name}` حالت `{name}` کي لڪائي ٿو؛ حالت تائين پهچ لاءِ پيراميٽر جو نالو مٽايو	فنڪشن `{func}` ۾ رابطو `{name}` حالت `{name}` کي لڪائي ٿو؛ پهچ برقرار رکڻ لاءِ رابطو جو نالو مٽايو	فنڪشن `{func}` ۾ نقشي تي ورجاءَ دوران رابطو `{name}` حالت `{name}` کي لڪائي ٿو	فنڪشن `{func}` ۾ پيراميٽر `{name}` ڪڏهن به استعمال نٿو ٿئي	{context} ۾ نه پهچڻ جو بيان مليو: return کانپوءِ وارو ڪوڊ ڪڏهن به نه هلندو	ٺيڪ	استعمال: koto check <file.ko> [<file2.ko> ...]	Kotodama جي lint چيڪس کي ڏنل سورسز تي هلائي ٿو.
Pashto	د کمپایل لپاره هېڅ فنکشن شتون نه لري	Kotodama compiler hint: {op}	نامعلوم پارامیټر {name}	دوتنه {path} نه شي لوستل کېدای: {error}	پارسر تېروتنه: {error}	منځپانګه يي تېروتنه: {error}	حالت `{name}` اعلان شوی خو هېڅکله نه کارېږي	پارامیټر `{name}` په فنکشن `{func}` کې حالت `{name}` پټوي؛ د حالت لاسرسي لپاره د پارامیټر نوم بدل کړئ	تړاو `{name}` په فنکشن `{func}` کې حالت `{name}` پټوي؛ د لاسرسي ساتلو لپاره د تړاو نوم بدل کړئ	کله چې فنکشن `{func}` پر نقشه ګرځي، تړاو `{name}` حالت `{name}` پټوي	پارامیټر `{name}` په فنکشن `{func}` کې هېڅکله نه کارېږي	په {context} کې نه رسیېدونکی عبارت وموندل شو: د return وروسته کوډ هېڅکله نه اجرا کېږي	سمه ده	کارونه: koto check <file.ko> [<file2.ko> ...]	د ورکړل شويو سرچینو لپاره د Kotodama lint تفتیشونه چلوئ.
Saraiki	کمپائل کیتے کوئی فنکشن موجود نئیں	Kotodama compiler hint: {op}	نامعلوم پیرامیٹر {name}	فائل {path} پڑھن وچ ناکام: {error}	پارسر دی غلطی: {error}	معنوی غلطی: {error}	حالت `{name}` دا اعلان تھی ڳیا ہے، پر اوہدے نال کوئی کم نئیں تھیندا	فنکشن `{func}` وچ `{name}` پیرامیٹر حالت `{name}` نوں اوجھل کریندا اے؛ حالت تک رسائی لئی پیرامیٹر دا ناں بدل دواو	فنکشن `{func}` وچ `{name}` ربط حالت `{name}` نوں اوجھل کریندا اے؛ رسائی برقرار رکھن لئی ربط دا ناں بدل دواو	جدوں `{func}` نقشے تے گشت کریندا اے، `{name}` ربط حالت `{name}` نوں اوجھل کریندا اے	فنکشن `{func}` وچ `{name}` پیرامیٹر کدے استعمال نئیں تھیندا	{context} وچ نا رسائی والا جملہ ملیا؛ return توں بعد والا کوڈ کدی وی نئیں چلدا	ٹھیک	استعمال: koto check <file.ko> [<file2.ko> ...]	دتی ڳئی سورساں تے Kotodama lint چلاو.
Tatar	Компиляция өчен функцияләр юк	Kotodama compiler hint: {op}	Билгесез параметр {name}	{path} файлын укып булмады: {error}	Парсер хатасы: {error}	Семантик хатасы: {error}	`{name}` хәле белдерелгән, ләкин кулланылмый	`{func}` функциясендәге `{name}` параметры `{name}` хәлен каплый; хәлгә керү өчен параметр исемен алыштырыгыз	`{func}` функциясендәге `{name}` бәйләнеше `{name}` хәлен каплый; хәлгә юлны саклау өчен бәйләнеш исемен алыштырыгыз	`{func}` функциясе карта буенча барганда `{name}` бәйләнеше `{name}` хәлен каплый	`{func}` функциясендәге `{name}` параметры бөтенләй кулланылмый	{context} эчендә үтәлми торган оператор табылды: return-нан соң код эшләми	яхшы	Куллану: koto check <file.ko> [<file2.ko> ...]	Бирелгән чыганаклар өчен Kotodama lint-ларын эшләтегез.
Somali	Wax shaqo ah looma helin si loo kobaayo	Kotodama compiler hint: {op}	Halbeeg aan la aqoon {name}	Waxaa ku guuldareystay in la akhriyo faylka {path}: {error}	Khalad furaha: {error}	Khalad macne: {error}	xaaladda `{name}` waa la sheegay balse waligeed lama isticmaalin	halbeegga `{name}` ee ku jira shaqada `{func}` wuxuu qariya xaaladda `{name}`; beddel magaca halbeegga si aad u gasho xaaladda	isku xidhka `{name}` ee shaqada `{func}` wuxuu qariya xaaladda `{name}`; beddel magaca isku xidhka si helitaanka loo sii hayo	marka shaqada `{func}` ay dul marayso khariidadda, isku xidhka `{name}` wuxuu qariya xaaladda `{name}`	halbeegga `{name}` ee shaqada `{func}` lama adeegsado marnaba	waxaa laga helay hadal aan la gaadhi karin gudaha {context}: koodhka ka dambeeya return marnaba ma fulayo	wacan	Isticmaal: koto check <file.ko> [<file2.ko> ...]	Ka shaqee jeegagga lint ee Kotodama ee isha la siiyay.
Sundanese	Teu aya fungsi pikeun dikompilasi	Kotodama compiler hint: {op}	Paraméter teu dipikawanoh {name}	Gagal maca berkas {path}: {error}	Kasalahan parser: {error}	Kasalahan semantik: {error}	state `{name}` geus diumumkeun tapi teu kungsi dipaké	paraméter `{name}` dina fungsi `{func}` nyumputkeun state `{name}`; ganti ngaran paraméter pikeun ngaksés state	binding `{name}` dina fungsi `{func}` nyumputkeun state `{name}`; ganti ngaran binding supaya aksés kana state tetep aya	binding `{name}` dina fungsi `{func}` nyumputkeun state `{name}` nalika iterasi map	paraméter `{name}` dina fungsi `{func}` teu kungsi dipaké	pernyataan teu kahontal kapanggih dina {context}: kode sanggeus return moal kungsi dijalankeun	hasil	Pamakéan: koto check <file.ko> [<file2.ko> ...]	Jalankeun lint Kotodama kana sumber anu disadiakeun.
Shona	Hapana basa rekukompaira	Kotodama compiler hint: {op}	Paramita isingazivikanwe {name}	Takatadza kuverenga faira {path}: {error}	Kukanganisa kweparser: {error}	Kukanganisa kwekuudzirwa: {error}	mamiriro `{name}` akaziviswa asi haashandiswe	paramita `{name}` mubasa `{func}` inovanza mamiriro `{name}`; chinja zita reparamita kuti uwane mamiriro acho	kusunga `{name}` mubasa `{func}` kunovanza mamiriro `{name}`; chinja zita rekusunga kuti ugare uchiwana mamiriro acho	kusunga `{name}` mubasa `{func}` kunovanza mamiriro `{name}` panguva yekudzokorora mepu	paramita `{name}` mubasa `{func}` haishandiswe zvachose	chirevo chisvikike chawanikwa mu {context}: kodhi iri mushure me return haitombomhanya	zvakanaka	Mashandisiro: koto check <file.ko> [<file2.ko> ...]	Mhanya ongororo dze lint dzeKotodama pamafaira akapiwa.
Swahili	Hakuna kazi za kukusanya	Kotodama compiler hint: {op}	Kigezo kisichojulikana {name}	Imeshindikana kusoma faili {path}: {error}	Hitilafu ya parser: {error}	Hitilafu ya maana: {error}	hali `{name}` imetangazwa lakini haitumiki kamwe	kigezo `{name}` kwenye kazi `{func}` kinaficha hali `{name}`; badilisha jina la kigezo ili kufikia hali	binding `{name}` kwenye kazi `{func}` inaficha hali `{name}`; badilisha jina la binding ili kudumisha ufikiaji	binding `{name}` kwenye kazi `{func}` inaficha hali `{name}` wakati wa kuzunguka ramani	kigezo `{name}` kwenye kazi `{func}` hakitumiki kamwe	tamko lisiloweza kufikiwa limegunduliwa katika {context}: msimbo baada ya return hautatekelezwa kamwe	sawa	Matumizi: koto check <file.ko> [<file2.ko> ...]	Endesha ukaguzi wa lint wa Kotodama kwenye chanzo kilichotolewa.
Oromo	Faankishiniin kómpaayiluuf hin jiru	Kotodama compiler hint: {op}	Paaramitarri hin beekamne {name}	Faayilii {path} dubbisuu hin dandeenye: {error}	Dogoggora parser: {error}	Dogoggora hiikaa: {error}	haalata `{name}` ni ibsame karaa tokko iyyuu hin fayyadamamu	paaramitarri `{name}` faankishinii `{func}` keessatti haalata `{name}` dhoksa; haalata sana bira gahuf maqaa paaramitaraa jijjiiri	hidhamiinsi `{name}` faankishinii `{func}` keessatti haalata `{name}` dhoksa; hidhamiinsa maqaa jijjiiri akka seeraan seenu dandeessu	yeroo map irra deebi'aa jirutti hidhamiinsi `{name}` faankishinii `{func}` keessatti haalata `{name}` dhoksa	paaramitarri `{name}` faankishinii `{func}` keessatti yeroo hunda hin fayyadamamu	ibsa gara hin geenye {context} keessatti argame; koodiin return boodaa hin hojjetu	tole	Fayyadama: koto check <file.ko> [<file2.ko> ...]	Bu'uuraalee kennaman irratti sakatta'iinsa lint Kotodama hojjechiisu.
Igbo	Enweghị ọrụ iji kọnpịa	Kotodama compiler hint: {op}	Parámịtà amaghi {name}	Agụghị faịlụ {path}: {error}	Mperi parser: {error}	Mperi nkọwa: {error}	etinyere ọnọdụ `{name}` mana a naghị eji ya eme ihe	parámịtà `{name}` n'ọrụ `{func}` na-eme ka ọnọdụ `{name}` daa n'ọnwụ; gbanwee aha parámịtà iji nweta ọnọdụ ahụ	njikọ `{name}` n'ọrụ `{func}` na-ekpuchi ọnọdụ `{name}`; gbanwee aha njikọ iji debe ohere	n'oge a na-emegharị map n'ọrụ `{func}`, njikọ `{name}` na-ekpuchi ọnọdụ `{name}`	parámịtà `{name}` n'ọrụ `{func}` adịghị eji ya eme ihe	achọpụtara okwu a na-agaghị enweta na {context}: koodu dị mgbe return anaghị agba ọsọ	ọ dị mma	Ojiji: koto check <file.ko> [<file2.ko> ...]	Gbaa nyocha lint Kotodama na isi mmalite enyere.
Yoruba	Ko si iṣẹ́ kankan láti kóńpáílì	Kotodama compiler hint: {op}	Paramíta tí a kò mọ̀ {name}	A kùnà láti kà fáìlì {path}: {error}	Aṣiṣe parser: {error}	Aṣiṣe ìtumọ̀: {error}	ipò `{name}` ni a kede ṣùgbọ́n a kò lo rárá	paramíta `{name}` nínú iṣẹ́ `{func}` ń bọ̀ ipò `{name}` mọ́lẹ̀; ṣe àtún-orúkọ paramíta náà kí o lè wọlé sí ipò náà	ìdípọ̀ `{name}` nínú iṣẹ́ `{func}` ń bọ̀ ipò `{name}` mọ́lẹ̀; ṣe àtún-orúkọ ìdípọ̀ náà kí ìwọlé má bàjẹ́	nígbà tí iṣẹ́ `{func}` ń yí map ká, ìdípọ̀ `{name}` ń bọ̀ ipò `{name}` mọ́lẹ̀	paramíta `{name}` nínú iṣẹ́ `{func}` kò ṣeé lò rárá	a rí ìkílọ̀ pé àṣẹ kan kò lè dé ní {context}: kóòdù lẹ́yìn return kì yóò ṣiṣẹ́ rí	ó dáa	Bí a ṣe ń lò ó: koto check <file.ko> [<file2.ko> ...]	Ṣìṣe àwọn àyẹ̀wò lint Kotodama lórí àwôn orísun tí a fún ni.
Zulu	Awekho ukusebenza okumele kuhlanganiswe	Kotodama compiler hint: {op}	Ipharamitha engaziwa {name}	Yehlulekile ukufunda ifayela {path}: {error}	Iphutha lomhlaziyi: {error}	Iphutha lokuchaza: {error}	isimo `{name}` simenyezelwe kodwa asikaze sisetshenziswe	ipharamitha `{name}` kumsebenzi `{func}` ifihla isimo `{name}`; shintsha igama lepharamitha ukuze ufinyelele esimisweni	ibinding `{name}` kumsebenzi `{func}` ifihla isimo `{name}`; shintsha igama le binding ukuze ugcine ukufinyelela	ibinding `{name}` kumsebenzi `{func}` ifihla isimo `{name}` ngesikhathi uhamba nge mapa	iphapharamitha `{name}` kumsebenzi `{func}` ayisetshenziswa nhlobo	kutholwe isitatimende esingafinyeleleki ku {context}: ikhodi elandela return ayisoze isebenze	kulungile	Ukusetshenziswa: koto check <file.ko> [<file2.ko> ...]	Sebenzisa ukuhlola kwe-lint ye-Kotodama kuma-source anikeziwe.
Dutch	Geen functies om te compileren	Kotodama compiler hint: {op}	Onbekende param {name}	Kan niet lezen {path}: {error}	parserfout: {error}	semantische fout: {error}	State `{name}` is gedeclareerd maar wordt nooit gebruikt	De parameter `{name}` in functie `{func}` verbergt state `{name}`; hernoem de parameter om toegang te krijgen tot de state	De binding `{name}` in functie `{func}` verbergt state `{name}`; hernoem de binding om toegang te behouden	De binding `{name}` in functie `{func}` verbergt state `{name}` tijdens het itereren over de map	De parameter `{name}` in functie `{func}` wordt nergens gebruikt	Onbereikbare instructie gedetecteerd in {context}: code na return wordt nooit uitgevoerd	ok	Gebruik: koto check <file.ko> [<file2.ko> ...]	Voert de Kotodama-lints uit op de opgegeven bronnen.
Danish	Ingen funktioner at kompilere	Kotodama compiler hint: {op}	Ukendt parameter {name}	Kunne ikke læse filen {path}: {error}	Parserfejl: {error}	Semantisk fejl: {error}	State `{name}` er erklæret men bruges aldrig	Parameteren `{name}` i funktionen `{func}` skjuler state `{name}`; omdøb parameteren for at få adgang	Bindingen `{name}` i funktionen `{func}` skjuler state `{name}`; omdøb bindingen for at bevare adgangen	Bindingen `{name}` i funktionen `{func}` skjuler state `{name}` under iteration over et map	Parameteren `{name}` i funktionen `{func}` bliver aldrig brugt	Utilgængelig sætning fundet i {context}: kode efter return bliver aldrig kørt	ok	Brug: koto check <file.ko> [<file2.ko> ...]	Kører Kotodamas lint-tjek på de angivne kilder.
Norse	Ingen funksjoner å kompilere	Kotodama compiler hint: {op}	Ukjent parameter {name}	Klarte ikke å lese filen {path}: {error}	Parserfeil: {error}	Semantisk feil: {error}	Tilstand `{name}` er erklært, men blir aldri brukt	Parameteren `{name}` i funksjonen `{func}` skjuler tilstanden `{name}`; gi parameteren nytt navn for å få tilgang til tilstanden	Bindingen `{name}` i funksjonen `{func}` skjuler tilstanden `{name}`; gi bindingen nytt navn for å holde tilgangen åpen	Når funksjonen `{func}` går gjennom et kart, skjuler bindingen `{name}` tilstanden `{name}`	Parameteren `{name}` i funksjonen `{func}` blir aldri brukt	Fant en utilgjengelig setning i {context}: kode etter en return blir ikke kjørt	bra	Bruk: koto check <file.ko> [<file2.ko> ...]	Kjør Kotodama-lintene på de oppgitte kildene.
Finnish	Ei funktioita käännettäväksi	Kotodama compiler hint: {op}	Tuntematon parametri {name}	Tiedoston {path} lukeminen epäonnistui: {error}	Jäsenninvirhe: {error}	Semanttinen virhe: {error}	Tila `{name}` on määritelty mutta sitä ei koskaan käytetä	Parametri `{name}` funktiossa `{func}` peittää tilan `{name}`; nimeä parametri uudelleen käyttääksesi tilaa	Sidonta `{name}` funktiossa `{func}` peittää tilan `{name}`; nimeä sidonta uudelleen säilyttääksesi pääsyn	Sidonta `{name}` funktiossa `{func}` peittää tilan `{name}` map-iteroinnin aikana	Parametria `{name}` funktiossa `{func}` ei käytetä	Havaittiin saavuttamaton lause kontekstissa {context}: returnin jälkeistä koodia ei koskaan suoriteta	ok	Käyttö: koto check <file.ko> [<file2.ko> ...]	Ajaa Kotodaman lint-tarkistukset annetuissa lähdekooditiedostoissa.
Estonian	Pole funktsioone kompileerimiseks	Kotodama compiler hint: {op}	Tundmatu parameeter {name}	Faili {path} lugemine ebaõnnestus: {error}	Parsimisviga: {error}	Semantiline viga: {error}	olek `{name}` on deklareeritud, kuid seda ei kasutata	funktsiooni `{func}` parameeter `{name}` varjab olekut `{name}`; nimeta parameeter ümber, et olekule ligi pääseda	funktsiooni `{func}` sidumine `{name}` varjab olekut `{name}`; nimeta sidumine ümber, et ligipääs säiliks	funktsiooni `{func}` kaardi itereerimisel varjab sidumine `{name}` olekut `{name}`	funktsiooni `{func}` parameetrit `{name}` ei kasutata	{context} puhul leiti kättesaamatu lause: return'i järgset koodi ei käivitata kunagi	ok	Kasutamine: koto check <file.ko> [<file2.ko> ...]	Käivita Kotodama lint kontrollid antud lähtekoodidel.
Latvian	Nav funkciju apkopošanai	Kotodama compiler hint: {op}	Nezināms param {name}	Neizdevās lasīt {path}: {error}	parsētāja kļūda: {error}	semantiskā kļūda: {error}	stāvoklis `{name}` ir deklarēts, bet nekad netiek izmantots	parametrs `{name}` funkcijā `{func}` nosedz stāvokli `{name}`; pārdēvējiet parametru, lai piekļūtu stāvoklim	piesaiste `{name}` funkcijā `{func}` nosedz stāvokli `{name}`; pārdēvējiet piesaisti, lai saglabātu piekļuvi	funkcijas `{func}` kartes iterācijas laikā piesaiste `{name}` nosedz stāvokli `{name}`	parametrs `{name}` funkcijā `{func}` netiek izmantots	konstatēts neaizsniedzams teikums {context}: kods pēc return nekad netiek izpildīts	labi	Lietošana: koto check <file.ko> [<file2.ko> ...]	Palaidiet Kotodama lint pārbaudes uz norādītajiem avotiem.
Hungarian	Nincs függvény a fordításhoz	Kotodama compiler hint: {op}	Ismeretlen paraméter {name}	A(z) {path} fájl olvasása sikertelen: {error}	Elemző hiba: {error}	Szemantikai hiba: {error}	A(z) `{name}` állapot deklarálva van, de soha nem kerül használatra	A(z) `{func}` függvény `{name}` paramétere elfedi a(z) `{name}` állapotot; nevezze át a paramétert az állapot eléréséhez	A(z) `{func}` függvény `{name}` kötése elfedi a(z) `{name}` állapotot; nevezze át a kötést az állapothoz való hozzáférés megtartásához	A(z) `{func}` függvény map bejárása közben a(z) `{name}` kötés elfedi a(z) `{name}` állapotot	A(z) `{func}` függvény `{name}` paramétere nincs használva	Nem elérhető utasítást találtunk itt: {context}; a return utáni kód nem fog lefutni	rendben	Használat: koto check <file.ko> [<file2.ko> ...]	Futtassa a Kotodama lint ellenőrzéseket a megadott forrásokon.
Czech	Žádné funkce ke kompilaci	Kotodama compiler hint: {op}	Neznámý param {name}	Nepodařilo se číst {path}: {error}	Chyba analyzátoru: {error}	sémantická chyba: {error}	Stav `{name}` je deklarován, ale nikdy se nepoužívá	Parametr `{name}` ve funkci `{func}` skrývá stav `{name}`; přejmenujte parametr, abyste se ke stavu dostali	Vazba `{name}` ve funkci `{func}` skrývá stav `{name}`; přejmenujte vazbu, abyste zachovali přístup	Vazba `{name}` ve funkci `{func}` skrývá stav `{name}` během iterace mapy	Parametr `{name}` ve funkci `{func}` se nikde nepoužívá	V kontextu {context} byla nalezena nedosažitelná instrukce: kód za return se nikdy nespustí	ok	Použití: koto check <file.ko> [<file2.ko> ...]	Spustí linty Kotodama nad zadanými zdrojovými soubory.
Lao	ບໍ່ມີຟັງຊັນໃຫ້ຄອມໄພ	Kotodama compiler hint: {op}	ພາຣາມິເຕີທີ່ບໍ່ຮູ້ຈັກ {name}	ບໍ່ສາມາດອ່ານໄຟລ໌ {path}: {error}	ເກີດຄວາມຜິດພາດຈາກ parser: {error}	ເກີດຄວາມຜິດພາດດ້ານໃນເນື້ອຫາ: {error}	state `{name}` ໄດ້ຖືກປະກາດແຕ່ບໍ່ເຄີຍນຳໃຊ້	ພາຣາມິເຕີ `{name}` ໃນຟັງຊັນ `{func}` ບັງ state `{name}`; ກະລຸນາປ່ຽນຊື່ພາຣາມິເຕີເພື່ອເຂົ້າເຖິງ state	ການຜູກ `{name}` ໃນຟັງຊັນ `{func}` ບັງ state `{name}`; ກະລຸນາປ່ຽນຊື່ການຜູກເພື່ອຮັກສາການເຂົ້າເຖິງ	ການຜູກ `{name}` ໃນຟັງຊັນ `{func}` ບັງ state `{name}` ໃນຂະນະທີ່ວົງຈອນ map	ພາຣາມິເຕີ `{name}` ໃນຟັງຊັນ `{func}` ບໍ່ເຄີຍນຳໃຊ້	ພົບຄຳສັ່ງທີ່ບໍ່ສາມາດເຂົ້າເຖິງໄດ້ໃນ {context}: ໂຄດຫຼັງ return ຈະບໍ່ຖືກເຮັດວຽກ	ສຳເລັດ	ວິທີໃຊ້: koto check <file.ko> [<file2.ko> ...]	ເຮັດການກວດ lint ຂອງ Kotodama ກັບແຫຼ່ງທີ່ໃຫ້ມາ.
Indonesian	Tidak ada fungsi untuk dikompilasi	Kotodama compiler hint: {op}	Parameter tidak dikenal {name}	Gagal membaca berkas {path}: {error}	Kesalahan parser: {error}	Kesalahan semantik: {error}	state `{name}` dideklarasikan tetapi tidak pernah digunakan	parameter `{name}` pada fungsi `{func}` menyembunyikan state `{name}`; ganti nama parameter untuk mengakses state	binding `{name}` pada fungsi `{func}` menyembunyikan state `{name}`; ganti nama binding untuk mempertahankan akses ke state	binding `{name}` pada fungsi `{func}` menyembunyikan state `{name}` saat iterasi map	parameter `{name}` pada fungsi `{func}` tidak pernah digunakan	pernyataan tidak dapat dijangkau terdeteksi di {context}: kode setelah return tidak akan pernah dijalankan	berhasil	Penggunaan: koto check <file.ko> [<file2.ko> ...]	Jalankan lint Kotodama pada sumber yang diberikan.
Pijin	Nogat fankson fo kompailim	Kotodama compiler hint: {op}	Parameta ia yumi no save {name}	Fail fo ridim fael {path}: {error}	Parser i mekem mistek: {error}	Semantik eria: {error}	State `{name}` hemi bin olsem bat hemi no yusim nating	Parameter `{name}` long function `{func}` i haedem state `{name}`; senisim nem blong parameter blong kasem state	Binding `{name}` long function `{func}` i haedem state `{name}`; senisim nem blong binding blong mekem state i stap open	Taem `{func}` i raun ova long map, binding `{name}` i haedem state `{name}`	Parameter `{name}` long function `{func}` i no yusim nating	Statement insaed long {context} i no save kasem; kode bihaen long return i no ron	oraet	Yus: koto check <file.ko> [<file2.ko> ...]	Ronim Kotodama lint long ol fael we iu givim.
Divehi	ކޮމްޕައިލް ކުރުމަށް ފަންކްޝަނެއް ނެތް	Kotodama compiler hint: {op}	ނޭނގޭ ޕެރަމީޓަރ {name}	{path} ކިޔާކުރުމަށް ނުކުރެވުނެވެ: {error}	ޕާސަރ އެރޯރ: {error}	ސެމެންޓިކް އެރޯރ: {error}	`{name}` ސްޓޭޓް އަދިކަމަށް ބޭނުންކޮށް ބަލައިފި، އެއްވެސް ނުބަލާ	`{func}` މާނައަޅުގެ `{name}` ޕެރަމީޓަރު `{name}` ސްޓޭޓް ފަރުވާނެ؛ ސްޓޭޓް ބަލާންވީ ފަސް ޕެރަމީޓަރުގެ ނަން ބަލާލުން	`{func}` މާނައަޅުގެ `{name}` ބައިންޑިން `{name}` ސްޓޭޓް ފަރުވާނެ؛ ސްޓޭޓް ބަލާންވީ ފަސް ބައިންޑިންގެ ނަން ބަލާލުން	`{func}` މާނައަޅު މޭޕް ހޯދެއްޖެހޭގޮތަކަށް `{name}` ބައިންޑިން `{name}` ސްޓޭޓް ފަރުވާނެ	`{func}` މާނައަޅުގެ `{name}` ޕެރަމީޓަރު ބައެއްވެސް ނުބަލާ	{context} ގައި ދެކެވެސް ނުފެނުނު ސްޓޭޓްމަންޓެއް ލިބި؛ return ކުރުމުގެ ފަހަރު ކޯޑު ނުހަރައްދޭ	ރަނގަޅު	ޔޫސް: koto check <file.ko> [<file2.ko> ...]	ދެވެނި ފައިލުން ތަކެތި Kotodama lint ރަންކަމުގެ.
Manchurian	Kompilacijangga fungsi akū	Kotodama compiler hint: {op}	Beye hūwa parametar akū {name}	Beye bithe {path} sabuha bolodahūn akū: {error}	Parser sain akū: {error}	Semantika sain akū: {error}	`{name}` state ilanaha, bicike ufarakū	`{func}` function-i `{name}` parameter `{name}` state be hūlha; state de tucire de parameter mingge be muterengge	`{func}` function-i `{name}` binding `{name}` state be hūlha; state-i tucibume sain binding mingge be muterengge	`{func}` function map be jergi sindara seme `{name}` binding `{name}` state be hūlha	`{func}` function-i `{name}` parameter afara seme ufarakū	{context} de dorgi akū gisun narhūn tucibufi; return-i ice code gemu bihire	saikan	Kihebe: koto check <file.ko> [<file2.ko> ...]	Gisurehe faile be emu biya Kotodama lint de bahafi tucimbi.
